_dex,ko,zh,fr,de,es,it,en,ja
1,이상해씨,妙蛙種子,Bulbizarre,Bisasam,Bulbasaur,Bulbasaur,Bulbasaur,フシギダネ
2,이상해풀,妙蛙草,Herbizarre,Bisaknosp,Ivysaur,Ivysaur,Ivysaur,フシギソウ
3,이상해꽃,妙蛙花,Florizarre,Bisaflor,Venusaur,Venusaur,Venusaur,フシギバナ
4,파이리,小火龍,Salamèche,Glumanda,Charmander,Charmander,Charmander,ヒトカゲ
5,리자드,火恐龍,Reptincel,Glutexo,Charmeleon,Charmeleon,Charmeleon,リザード
6,리자몽,噴火龍,Dracaufeu,Glurak,Charizard,Charizard,Charizard,リザードン
7,꼬부기,傑尼龜,Carapuce,Schiggy,Squirtle,Squirtle,Squirtle,ゼニガメ
8,어니부기,卡咪龜,Carabaffe,Schillok,Wartortle,Wartortle,Wartortle,カメール
9,거북왕,水箭龜,Tortank,Turtok,Blastoise,Blastoise,Blastoise,カメックス
10,캐터피,綠毛蟲,Chenipan,Raupy,Caterpie,Caterpie,Caterpie,キャタピー
11,단데기,鐵甲蛹,Chrysacier,Safcon,Metapod,Metapod,Metapod,トランセル
12,버터플,巴大蝶,Papilusion,Smettbo,Butterfree,Butterfree,Butterfree,バタフリー
13,뿔충이,獨角蟲,Aspicot,Hornliu,Weedle,Weedle,Weedle,ビードル
14,딱충이,鐵殼蛹,Coconfort,Kokuna,Kakuna,Kakuna,Kakuna,コクーン
15,독침붕,大針蜂,Dardargnan,Bibor,Beedrill,Beedrill,Beedrill,スピアー
16,구구,波波,Roucool,Taubsi,Pidgey,Pidgey,Pidgey,ポッポ
17,피죤,比比鳥,Roucoups,Tauboga,Pidgeotto,Pidgeotto,Pidgeotto,ピジョン
18,피죤투,大比鳥,Roucarnage,Tauboss,Pidgeot,Pidgeot,Pidgeot,ピジョット
19,꼬렛,小拉達,Rattata,Rattfratz,Rattata,Rattata,Rattata,コラッタ
20,레트라,拉達,Rattatac,Rattikarl,Raticate,Raticate,Raticate,ラッタ
21,깨비참,烈雀,Piafabec,Habitak,Spearow,Spearow,Spearow,オニスズメ
22,깨비드릴조,大嘴雀,Rapasdepic,Ibitak,Fearow,Fearow,Fearow,オニドリル
23,아보,阿柏蛇,Abo,Rettan,Ekans,Ekans,Ekans,アーボ
24,아보크,阿柏怪,Arbok,Arbok,Arbok,Arbok,Arbok,アーボック
25,피카츄,皮卡丘,Pikachu,Pikachu,Pikachu,Pikachu,Pikachu,ピカチュウ
26,라이츄,雷丘,Raichu,Raichu,Raichu,Raichu,Raichu,ライチュウ
27,모래두지,穿山鼠,Sabelette,Sandan,Sandshrew,Sandshrew,Sandshrew,サンド
28,고지,穿山王,Sablaireau,Sandamer,Sandslash,Sandslash,Sandslash,サンドパン
29,니드런♀,尼多蘭,Nidoran♀,Nidoran♀,Nidoran♀,Nidoran♀,Nidoran♀,ニドラン♀
30,니드리나,尼多娜,Nidorina,Nidorina,Nidorina,Nidorina,Nidorina,ニドリーナ
31,니드퀸,尼多后,Nidoqueen,Nidoqueen,Nidoqueen,Nidoqueen,Nidoqueen,ニドクイン
32,니드런♂,尼多朗,Nidoran♂,Nidoran♂,Nidoran♂,Nidoran♂,Nidoran♂,ニドラン♂
33,니드리노,尼多力諾,Nidorino,Nidorino,Nidorino,Nidorino,Nidorino,ニドリーノ
34,니드킹,尼多王,Nidoking,Nidoking,Nidoking,Nidoking,Nidoking,ニドキング
35,삐삐,皮皮,Mélofée,Piepi,Clefairy,Clefairy,Clefairy,ピッピ
36,픽시,皮可西,Mélodelfe,Pixi,Clefable,Clefable,Clefable,ピクシー
37,식스테일,六尾,Goupix,Vulpix,Vulpix,Vulpix,Vulpix,ロコン
38,나인테일,九尾,Feunard,Vulnona,Ninetales,Ninetales,Ninetales,キュウコン
39,푸린,胖丁,Rondoudou,Pummeluff,Jigglypuff,Jigglypuff,Jigglypuff,プリン
40,푸크린,胖可丁,Grodoudou,Knuddeluff,Wigglytuff,Wigglytuff,Wigglytuff,プクリン
41,주뱃,超音蝠,Nosferapti,Zubat,Zubat,Zubat,Zubat,ズバット
42,골뱃,大嘴蝠,Nosferalto,Golbat,Golbat,Golbat,Golbat,ゴルバット
43,뚜벅쵸,走路草,Mystherbe,Myrapla,Oddish,Oddish,Oddish,ナゾノクサ
44,냄새꼬,臭臭花,Ortide,Duflor,Gloom,Gloom,Gloom,クサイハナ
45,라플레시아,霸王花,Rafflesia,Giflor,Vileplume,Vileplume,Vileplume,ラフレシア
46,파라스,派拉斯,Paras,Paras,Paras,Paras,Paras,パラス
47,파라섹트,派拉斯特,Parasect,Parasek,Parasect,Parasect,Parasect,パラセクト
48,콘팡,毛球,Mimitoss,Bluzuk,Venonat,Venonat,Venonat,コンパン
49,도나리,摩魯蛾,Aéromite,Omot,Venomoth,Venomoth,Venomoth,モルフォン
50,디그다,地鼠,Taupiqueur,Digda,Diglett,Diglett,Diglett,ディグダ
51,닥트리오,三地鼠,Triopikeur,Digdri,Dugtrio,Dugtrio,Dugtrio,ダグトリオ
52,나옹,喵喵,Miaouss,Mauzi,Meowth,Meowth,Meowth,ニャース
53,페르시온,貓老大,Persian,Snobilikat,Persian,Persian,Persian,ペルシアン
54,고라파덕,可達鴨,Psykokwak,Enton,Psyduck,Psyduck,Psyduck,コダック
55,골덕,哥達鴨,Akwakwak,Entoron,Golduck,Golduck,Golduck,ゴルダック
56,망키,猴怪,Férosinge,Menki,Mankey,Mankey,Mankey,マンキー
57,성원숭,火爆猴,Colossinge,Rasaff,Primeape,Primeape,Primeape,オコリザル
58,가디,卡蒂狗,Caninos,Fukano,Growlithe,Growlithe,Growlithe,ガーディ
59,윈디,風速狗,Arcanin,Arkani,Arcanine,Arcanine,Arcanine,ウインディ
60,발챙이,蚊香蝌蚪,Ptitard,Quapsel,Poliwag,Poliwag,Poliwag,ニョロモ
61,슈륙챙이,蚊香君,Têtarte,Quaputzi,Poliwhirl,Poliwhirl,Poliwhirl,ニョロゾ
62,강챙이,蚊香泳士,Tartard,Quappo,Poliwrath,Poliwrath,Poliwrath,ニョロボン
63,캐이시,凱西,Abra,Abra,Abra,Abra,Abra,ケーシィ
64,윤겔라,勇基拉,Kadabra,Kadabra,Kadabra,Kadabra,Kadabra,ユンゲラー
65,후딘,胡地,Alakazam,Simsala,Alakazam,Alakazam,Alakazam,フーディン
66,알통몬,腕力,Machoc,Machollo,Machop,Machop,Machop,ワンリキー
67,근육몬,豪力,Machopeur,Maschock,Machoke,Machoke,Machoke,ゴーリキー
68,괴력몬,怪力,Mackogneur,Machomei,Machamp,Machamp,Machamp,カイリキー
69,모다피,喇叭芽,Chétiflor,Knofensa,Bellsprout,Bellsprout,Bellsprout,マダツボミ
70,우츠동,口呆花,Boustiflor,Ultrigaria,Weepinbell,Weepinbell,Weepinbell,ウツドン
71,우츠보트,大食花,Empiflor,Sarzenia,Victreebel,Victreebel,Victreebel,ウツボット
72,왕눈해,瑪瑙水母,Tentacool,Tentacha,Tentacool,Tentacool,Tentacool,メノクラゲ
73,독파리,毒刺水母,Tentacruel,Tentoxa,Tentacruel,Tentacruel,Tentacruel,ドククラゲ
74,꼬마돌,小拳石,Racaillou,Kleinstein,Geodude,Geodude,Geodude,イシツブテ
75,데구리,隆隆石,Gravalanch,Georok,Graveler,Graveler,Graveler,ゴローン
76,딱구리,隆隆岩,Grolem,Geowaz,Golem,Golem,Golem,ゴローニャ
77,포니타,小火馬,Ponyta,Ponita,Ponyta,Ponyta,Ponyta,ポニータ
78,날쌩마,烈焰馬,Galopa,Gallopa,Rapidash,Rapidash,Rapidash,ギャロップ
79,야돈,呆呆獸,Ramoloss,Flegmon,Slowpoke,Slowpoke,Slowpoke,ヤドン
80,야도란,呆殼獸,Flagadoss,Lahmus,Slowbro,Slowbro,Slowbro,ヤドラン
81,코일,小磁怪,Magnéti,Magnetilo,Magnemite,Magnemite,Magnemite,コイル
82,레어코일,三合一磁怪,Magnéton,Magneton,Magneton,Magneton,Magneton,レアコイル
83,파오리,大蔥鴨,Canarticho,Porenta,Farfetch’d,Farfetch’d,Farfetch’d,カモネギ
84,두두,嘟嘟,Doduo,Dodu,Doduo,Doduo,Doduo,ドードー
85,두트리오,嘟嘟利,Dodrio,Dodri,Dodrio,Dodrio,Dodrio,ドードリオ
86,쥬쥬,小海獅,Otaria,Jurob,Seel,Seel,Seel,パウワウ
87,쥬레곤,白海獅,Lamantine,Jugong,Dewgong,Dewgong,Dewgong,ジュゴン
88,질퍽이,臭泥,Tadmorv,Sleima,Grimer,Grimer,Grimer,ベトベター
89,질뻐기,臭臭泥,Grotadmorv,Sleimok,Muk,Muk,Muk,ベトベトン
90,셀러,大舌貝,Kokiyas,Muschas,Shellder,Shellder,Shellder,シェルダー
91,파르셀,刺甲貝,Crustabri,Austos,Cloyster,Cloyster,Cloyster,パルシェン
92,고오스,鬼斯,Fantominus,Nebulak,Gastly,Gastly,Gastly,ゴース
93,고우스트,鬼斯通,Spectrum,Alpollo,Haunter,Haunter,Haunter,ゴースト
94,팬텀,耿鬼,Ectoplasma,Gengar,Gengar,Gengar,Gengar,ゲンガー
95,롱스톤,大岩蛇,Onix,Onix,Onix,Onix,Onix,イワーク
96,슬리프,催眠貘,Soporifik,Traumato,Drowzee,Drowzee,Drowzee,スリープ
97,슬리퍼,引夢貘人,Hypnomade,Hypno,Hypno,Hypno,Hypno,スリーパー
98,크랩,大鉗蟹,Krabby,Krabby,Krabby,Krabby,Krabby,クラブ
99,킹크랩,巨鉗蟹,Krabboss,Kingler,Kingler,Kingler,Kingler,キングラー
100,찌리리공,霹靂電球,Voltorbe,Voltobal,Voltorb,Voltorb,Voltorb,ビリリダマ
101,붐볼,頑皮雷彈,Électrode,Lektrobal,Electrode,Electrode,Electrode,マルマイン
102,아라리,蛋蛋,Noeunoeuf,Owei,Exeggcute,Exeggcute,Exeggcute,タマタマ
103,나시,椰蛋樹,Noadkoko,Kokowei,Exeggutor,Exeggutor,Exeggutor,ナッシー
104,탕구리,卡拉卡拉,Osselait,Tragosso,Cubone,Cubone,Cubone,カラカラ
105,텅구리,嘎啦嘎啦,Ossatueur,Knogga,Marowak,Marowak,Marowak,ガラガラ
106,시라소몬,飛腿郎,Kicklee,Kicklee,Hitmonlee,Hitmonlee,Hitmonlee,サワムラー
107,홍수몬,快拳郎,Tygnon,Nockchan,Hitmonchan,Hitmonchan,Hitmonchan,エビワラー
108,내루미,大舌頭,Excelangue,Schlurp,Lickitung,Lickitung,Lickitung,ベロリンガ
109,또가스,瓦斯彈,Smogo,Smogon,Koffing,Koffing,Koffing,ドガース
110,또도가스,雙彈瓦斯,Smogogo,Smogmog,Weezing,Weezing,Weezing,マタドガス
111,뿔카노,獨角犀牛,Rhinocorne,Rihorn,Rhyhorn,Rhyhorn,Rhyhorn,サイホーン
112,코뿌리,鑽角犀獸,Rhinoféros,Rizeros,Rhydon,Rhydon,Rhydon,サイドン
113,럭키,吉利蛋,Leveinard,Chaneira,Chansey,Chansey,Chansey,ラッキー
114,덩쿠리,蔓藤怪,Saquedeneu,Tangela,Tangela,Tangela,Tangela,モンジャラ
115,캥카,袋獸,Kangourex,Kangama,Kangaskhan,Kangaskhan,Kangaskhan,ガルーラ
116,쏘드라,墨海馬,Hypotrempe,Seeper,Horsea,Horsea,Horsea,タッツー
117,시드라,海刺龍,Hypocéan,Seemon,Seadra,Seadra,Seadra,シードラ
118,콘치,角金魚,Poissirène,Goldini,Goldeen,Goldeen,Goldeen,トサキント
119,왕콘치,金魚王,Poissoroy,Golking,Seaking,Seaking,Seaking,アズマオウ
120,별가사리,海星星,Stari,Sterndu,Staryu,Staryu,Staryu,ヒトデマン
121,아쿠스타,寶石海星,Staross,Starmie,Starmie,Starmie,Starmie,スターミー
122,마임맨,魔牆人偶,M. Mime,Pantimos,Mr. Mime,Mr. Mime,Mr. Mime,バリヤード
123,스라크,飛天螳螂,Insécateur,Sichlor,Scyther,Scyther,Scyther,ストライク
124,루주라,迷唇姐,Lippoutou,Rossana,Jynx,Jynx,Jynx,ルージュラ
125,에레브,電擊獸,Élektek,Elektek,Electabuzz,Electabuzz,Electabuzz,エレブー
126,마그마,鴨嘴火獸,Magmar,Magmar,Magmar,Magmar,Magmar,ブーバー
127,쁘사이저,凱羅斯,Scarabrute,Pinsir,Pinsir,Pinsir,Pinsir,カイロス
128,켄타로스,肯泰羅,Tauros,Tauros,Tauros,Tauros,Tauros,ケンタロス
129,잉어킹,鯉魚王,Magicarpe,Karpador,Magikarp,Magikarp,Magikarp,コイキング
130,갸라도스,暴鯉龍,Léviator,Garados,Gyarados,Gyarados,Gyarados,ギャラドス
131,라프라스,拉普拉斯,Lokhlass,Lapras,Lapras,Lapras,Lapras,ラプラス
132,메타몽,百變怪,Métamorph,Ditto,Ditto,Ditto,Ditto,メタモン
133,이브이,伊布,Évoli,Evoli,Eevee,Eevee,Eevee,イーブイ
134,샤미드,水伊布,Aquali,Aquana,Vaporeon,Vaporeon,Vaporeon,シャワーズ
135,쥬피썬더,雷伊布,Voltali,Blitza,Jolteon,Jolteon,Jolteon,サンダース
136,부스터,火伊布,Pyroli,Flamara,Flareon,Flareon,Flareon,ブースター
137,폴리곤,多邊獸,Porygon,Porygon,Porygon,Porygon,Porygon,ポリゴン
138,암나이트,菊石獸,Amonita,Amonitas,Omanyte,Omanyte,Omanyte,オムナイト
139,암스타,多刺菊石獸,Amonistar,Amoroso,Omastar,Omastar,Omastar,オムスター
140,투구,化石盔,Kabuto,Kabuto,Kabuto,Kabuto,Kabuto,カブト
141,투구푸스,鐮刀盔,Kabutops,Kabutops,Kabutops,Kabutops,Kabutops,カブトプス
142,프테라,化石翼龍,Ptéra,Aerodactyl,Aerodactyl,Aerodactyl,Aerodactyl,プテラ
143,잠만보,卡比獸,Ronflex,Relaxo,Snorlax,Snorlax,Snorlax,カビゴン
144,프리져,急凍鳥,Artikodin,Arktos,Articuno,Articuno,Articuno,フリーザー
145,썬더,閃電鳥,Électhor,Zapdos,Zapdos,Zapdos,Zapdos,サンダー
146,파이어,火焰鳥,Sulfura,Lavados,Moltres,Moltres,Moltres,ファイヤー
147,미뇽,迷你龍,Minidraco,Dratini,Dratini,Dratini,Dratini,ミニリュウ
148,신뇽,哈克龍,Draco,Dragonir,Dragonair,Dragonair,Dragonair,ハクリュー
149,망나뇽,快龍,Dracolosse,Dragoran,Dragonite,Dragonite,Dragonite,カイリュー
150,뮤츠,超夢,Mewtwo,Mewtu,Mewtwo,Mewtwo,Mewtwo,ミュウツー
151,뮤,夢幻,Mew,Mew,Mew,Mew,Mew,ミュウ
152,치코리타,菊草葉,Germignon,Endivie,Chikorita,Chikorita,Chikorita,チコリータ
153,베이리프,月桂葉,Macronium,Lorblatt,Bayleef,Bayleef,Bayleef,ベイリーフ
154,메가니움,大竺葵,Méganium,Meganie,Meganium,Meganium,Meganium,メガニウム
155,브케인,火球鼠,Héricendre,Feurigel,Cyndaquil,Cyndaquil,Cyndaquil,ヒノアラシ
156,마그케인,火岩鼠,Feurisson,Igelavar,Quilava,Quilava,Quilava,マグマラシ
157,블레이범,火爆獸,Typhlosion,Tornupto,Typhlosion,Typhlosion,Typhlosion,バクフーン
158,리아코,小鋸鱷,Kaiminus,Karnimani,Totodile,Totodile,Totodile,ワニノコ
159,엘리게이,藍鱷,Crocrodil,Tyracroc,Croconaw,Croconaw,Croconaw,アリゲイツ
160,장크로다일,大力鱷,Aligatueur,Impergator,Feraligatr,Feraligatr,Feraligatr,オーダイル
161,꼬리선,尾立,Fouinette,Wiesor,Sentret,Sentret,Sentret,オタチ
162,다꼬리,大尾立,Fouinar,Wiesenior,Furret,Furret,Furret,オオタチ
163,부우부,咕咕,Hoothoot,Hoothoot,Hoothoot,Hoothoot,Hoothoot,ホーホー
164,야부엉,貓頭夜鷹,Noarfang,Noctuh,Noctowl,Noctowl,Noctowl,ヨルノズク
165,레디바,芭瓢蟲,Coxy,Ledyba,Ledyba,Ledyba,Ledyba,レディバ
166,레디안,安瓢蟲,Coxyclaque,Ledian,Ledian,Ledian,Ledian,レディアン
167,페이검,圓絲蛛,Mimigal,Webarak,Spinarak,Spinarak,Spinarak,イトマル
168,아리아도스,阿利多斯,Migalos,Ariados,Ariados,Ariados,Ariados,アリアドス
169,크로뱃,叉字蝠,Nostenfer,Iksbat,Crobat,Crobat,Crobat,クロバット
170,초라기,燈籠魚,Loupio,Lampi,Chinchou,Chinchou,Chinchou,チョンチー
171,랜턴,電燈怪,Lanturn,Lanturn,Lanturn,Lanturn,Lanturn,ランターン
172,피츄,皮丘,Pichu,Pichu,Pichu,Pichu,Pichu,ピチュー
173,삐,皮寶寶,Mélo,Pii,Cleffa,Cleffa,Cleffa,ピィ
174,푸푸린,寶寶丁,Toudoudou,Fluffeluff,Igglybuff,Igglybuff,Igglybuff,ププリン
175,토게피,波克比,Togepi,Togepi,Togepi,Togepi,Togepi,トゲピー
176,토게틱,波克基古,Togetic,Togetic,Togetic,Togetic,Togetic,トゲチック
177,네이티,天然雀,Natu,Natu,Natu,Natu,Natu,ネイティ
178,네이티오,天然鳥,Xatu,Xatu,Xatu,Xatu,Xatu,ネイティオ
179,메리프,咩利羊,Wattouat,Voltilamm,Mareep,Mareep,Mareep,メリープ
180,보송송,茸茸羊,Lainergie,Waaty,Flaaffy,Flaaffy,Flaaffy,モココ
181,전룡,電龍,Pharamp,Ampharos,Ampharos,Ampharos,Ampharos,デンリュウ
182,아르코,美麗花,Joliflor,Blubella,Bellossom,Bellossom,Bellossom,キレイハナ
183,마릴,瑪力露,Marill,Marill,Marill,Marill,Marill,マリル
184,마릴리,瑪力露麗,Azumarill,Azumarill,Azumarill,Azumarill,Azumarill,マリルリ
185,꼬지모,樹才怪,Simularbre,Mogelbaum,Sudowoodo,Sudowoodo,Sudowoodo,ウソッキー
186,왕구리,蚊香蛙皇,Tarpaud,Quaxo,Politoed,Politoed,Politoed,ニョロトノ
187,통통코,毽子草,Granivol,Hoppspross,Hoppip,Hoppip,Hoppip,ハネッコ
188,두코,毽子花,Floravol,Hubelupf,Skiploom,Skiploom,Skiploom,ポポッコ
189,솜솜코,毽子棉,Cotovol,Papungha,Jumpluff,Jumpluff,Jumpluff,ワタッコ
190,에이팜,長尾怪手,Capumain,Griffel,Aipom,Aipom,Aipom,エイパム
191,해너츠,向日種子,Tournegrin,Sonnkern,Sunkern,Sunkern,Sunkern,ヒマナッツ
192,해루미,向日花怪,Héliatronc,Sonnflora,Sunflora,Sunflora,Sunflora,キマワリ
193,왕자리,蜻蜻蜓,Yanma,Yanma,Yanma,Yanma,Yanma,ヤンヤンマ
194,우파,烏波,Axoloto,Felino,Wooper,Wooper,Wooper,ウパー
195,누오,沼王,Maraiste,Morlord,Quagsire,Quagsire,Quagsire,ヌオー
196,에브이,太陽伊布,Mentali,Psiana,Espeon,Espeon,Espeon,エーフィ
197,블래키,月亮伊布,Noctali,Nachtara,Umbreon,Umbreon,Umbreon,ブラッキー
198,니로우,黑暗鴉,Cornèbre,Kramurx,Murkrow,Murkrow,Murkrow,ヤミカラス
199,야도킹,呆呆王,Roigada,Laschoking,Slowking,Slowking,Slowking,ヤドキング
200,무우마,夢妖,Feuforêve,Traunfugil,Misdreavus,Misdreavus,Misdreavus,ムウマ
201,안농,未知圖騰,Zarbi,Icognito,Unown,Unown,Unown,アンノーン
202,마자용,果然翁,Qulbutoké,Woingenau,Wobbuffet,Wobbuffet,Wobbuffet,ソーナンス
203,키링키,麒麟奇,Girafarig,Girafarig,Girafarig,Girafarig,Girafarig,キリンリキ
204,피콘,榛果球,Pomdepik,Tannza,Pineco,Pineco,Pineco,クヌギダマ
205,쏘콘,佛烈托斯,Foretress,Forstellka,Forretress,Forretress,Forretress,フォレトス
206,노고치,土龍弟弟,Insolourdo,Dummisel,Dunsparce,Dunsparce,Dunsparce,ノコッチ
207,글라이거,天蠍,Scorplane,Skorgla,Gligar,Gligar,Gligar,グライガー
208,강철톤,大鋼蛇,Steelix,Stahlos,Steelix,Steelix,Steelix,ハガネール
209,블루,布魯,Snubbull,Snubbull,Snubbull,Snubbull,Snubbull,ブルー
210,그랑블루,布魯皇,Granbull,Granbull,Granbull,Granbull,Granbull,グランブル
211,침바루,千針魚,Qwilfish,Baldorfish,Qwilfish,Qwilfish,Qwilfish,ハリーセン
212,핫삼,巨鉗螳螂,Cizayox,Scherox,Scizor,Scizor,Scizor,ハッサム
213,단단지,壺壺,Caratroc,Pottrott,Shuckle,Shuckle,Shuckle,ツボツボ
214,헤라크로스,赫拉克羅斯,Scarhino,Skaraborn,Heracross,Heracross,Heracross,ヘラクロス
215,포푸니,狃拉,Farfuret,Sniebel,Sneasel,Sneasel,Sneasel,ニューラ
216,깜지곰,熊寶寶,Teddiursa,Teddiursa,Teddiursa,Teddiursa,Teddiursa,ヒメグマ
217,링곰,圈圈熊,Ursaring,Ursaring,Ursaring,Ursaring,Ursaring,リングマ
218,마그마그,熔岩蟲,Limagma,Schneckmag,Slugma,Slugma,Slugma,マグマッグ
219,마그카르고,熔岩蝸牛,Volcaropod,Magcargo,Magcargo,Magcargo,Magcargo,マグカルゴ
220,꾸꾸리,小山豬,Marcacrin,Quiekel,Swinub,Swinub,Swinub,ウリムー
221,메꾸리,長毛豬,Cochignon,Keifel,Piloswine,Piloswine,Piloswine,イノムー
222,코산호,太陽珊瑚,Corayon,Corasonn,Corsola,Corsola,Corsola,サニーゴ
223,총어,鐵炮魚,Rémoraid,Remoraid,Remoraid,Remoraid,Remoraid,テッポウオ
224,대포무노,章魚桶,Octillery,Octillery,Octillery,Octillery,Octillery,オクタン
225,딜리버드,信使鳥,Cadoizo,Botogel,Delibird,Delibird,Delibird,デリバード
226,만타인,巨翅飛魚,Démanta,Mantax,Mantine,Mantine,Mantine,マンタイン
227,무장조,盔甲鳥,Airmure,Panzaeron,Skarmory,Skarmory,Skarmory,エアームド
228,델빌,戴魯比,Malosse,Hunduster,Houndour,Houndour,Houndour,デルビル
229,헬가,黑魯加,Démolosse,Hundemon,Houndoom,Houndoom,Houndoom,ヘルガー
230,킹드라,刺龍王,Hyporoi,Seedraking,Kingdra,Kingdra,Kingdra,キングドラ
231,코코리,小小象,Phanpy,Phanpy,Phanpy,Phanpy,Phanpy,ゴマゾウ
232,코리갑,頓甲,Donphan,Donphan,Donphan,Donphan,Donphan,ドンファン
233,폴리곤2,多邊獸Ⅱ,Porygon2,Porygon2,Porygon2,Porygon2,Porygon2,ポリゴン２
234,노라키,驚角鹿,Cerfrousse,Damhirplex,Stantler,Stantler,Stantler,オドシシ
235,루브도,圖圖犬,Queulorior,Farbeagle,Smeargle,Smeargle,Smeargle,ドーブル
236,배루키,無畏小子,Debugant,Rabauz,Tyrogue,Tyrogue,Tyrogue,バルキー
237,카포에라,戰舞郎,Kapoera,Kapoera,Hitmontop,Hitmontop,Hitmontop,カポエラー
238,뽀뽀라,迷唇娃,Lippouti,Kussilla,Smoochum,Smoochum,Smoochum,ムチュール
239,에레키드,電擊怪,Élekid,Elekid,Elekid,Elekid,Elekid,エレキッド
240,마그비,鴨嘴寶寶,Magby,Magby,Magby,Magby,Magby,ブビィ
241,밀탱크,大奶罐,Écrémeuh,Miltank,Miltank,Miltank,Miltank,ミルタンク
242,해피너스,幸福蛋,Leuphorie,Heiteira,Blissey,Blissey,Blissey,ハピナス
243,라이코,雷公,Raikou,Raikou,Raikou,Raikou,Raikou,ライコウ
244,앤테이,炎帝,Entei,Entei,Entei,Entei,Entei,エンテイ
245,스이쿤,水君,Suicune,Suicune,Suicune,Suicune,Suicune,スイクン
246,애버라스,幼基拉斯,Embrylex,Larvitar,Larvitar,Larvitar,Larvitar,ヨーギラス
247,데기라스,沙基拉斯,Ymphect,Pupitar,Pupitar,Pupitar,Pupitar,サナギラス
248,마기라스,班基拉斯,Tyranocif,Despotar,Tyranitar,Tyranitar,Tyranitar,バンギラス
249,루기아,洛奇亞,Lugia,Lugia,Lugia,Lugia,Lugia,ルギア
250,칠색조,鳳王,Ho-Oh,Ho-Oh,Ho-Oh,Ho-Oh,Ho-Oh,ホウオウ
251,세레비,時拉比,Celebi,Celebi,Celebi,Celebi,Celebi,セレビィ
252,나무지기,木守宮,Arcko,Geckarbor,Treecko,Treecko,Treecko,キモリ
253,나무돌이,森林蜥蜴,Massko,Reptain,Grovyle,Grovyle,Grovyle,ジュプトル
254,나무킹,蜥蜴王,Jungko,Gewaldro,Sceptile,Sceptile,Sceptile,ジュカイン
255,아차모,火稚雞,Poussifeu,Flemmli,Torchic,Torchic,Torchic,アチャモ
256,영치코,力壯雞,Galifeu,Jungglut,Combusken,Combusken,Combusken,ワカシャモ
257,번치코,火焰雞,Braségali,Lohgock,Blaziken,Blaziken,Blaziken,バシャーモ
258,물짱이,水躍魚,Gobou,Hydropi,Mudkip,Mudkip,Mudkip,ミズゴロウ
259,늪짱이,沼躍魚,Flobio,Moorabbel,Marshtomp,Marshtomp,Marshtomp,ヌマクロー
260,대짱이,巨沼怪,Laggron,Sumpex,Swampert,Swampert,Swampert,ラグラージ
261,포챠나,土狼犬,Medhyèna,Fiffyen,Poochyena,Poochyena,Poochyena,ポチエナ
262,그라에나,大狼犬,Grahyèna,Magnayen,Mightyena,Mightyena,Mightyena,グラエナ
263,지그제구리,蛇紋熊,Zigzaton,Zigzachs,Zigzagoon,Zigzagoon,Zigzagoon,ジグザグマ
264,직구리,直衝熊,Linéon,Geradaks,Linoone,Linoone,Linoone,マッスグマ
265,개무소,刺尾蟲,Chenipotte,Waumpel,Wurmple,Wurmple,Wurmple,ケムッソ
266,실쿤,甲殼繭,Armulys,Schaloko,Silcoon,Silcoon,Silcoon,カラサリス
267,뷰티플라이,狩獵鳳蝶,Charmillon,Papinella,Beautifly,Beautifly,Beautifly,アゲハント
268,카스쿤,盾甲繭,Blindalys,Panekon,Cascoon,Cascoon,Cascoon,マユルド
269,독케일,毒粉蛾,Papinox,Pudox,Dustox,Dustox,Dustox,ドクケイル
270,연꽃몬,蓮葉童子,Nénupiot,Loturzel,Lotad,Lotad,Lotad,ハスボー
271,로토스,蓮帽小童,Lombre,Lombrero,Lombre,Lombre,Lombre,ハスブレロ
272,로파파,樂天河童,Ludicolo,Kappalores,Ludicolo,Ludicolo,Ludicolo,ルンパッパ
273,도토링,橡實果,Grainipiot,Samurzel,Seedot,Seedot,Seedot,タネボー
274,잎새코,長鼻葉,Pifeuil,Blanas,Nuzleaf,Nuzleaf,Nuzleaf,コノハナ
275,다탱구,狡猾天狗,Tengalice,Tengulist,Shiftry,Shiftry,Shiftry,ダーテング
276,테일로,傲骨燕,Nirondelle,Schwalbini,Taillow,Taillow,Taillow,スバメ
277,스왈로,大王燕,Hélédelle,Schwalboss,Swellow,Swellow,Swellow,オオスバメ
278,갈모매,長翅鷗,Goélise,Wingull,Wingull,Wingull,Wingull,キャモメ
279,패리퍼,大嘴鷗,Bekipan,Pelipper,Pelipper,Pelipper,Pelipper,ペリッパー
280,랄토스,拉魯拉絲,Tarsal,Trasla,Ralts,Ralts,Ralts,ラルトス
281,킬리아,奇魯莉安,Kirlia,Kirlia,Kirlia,Kirlia,Kirlia,キルリア
282,가디안,沙奈朵,Gardevoir,Guardevoir,Gardevoir,Gardevoir,Gardevoir,サーナイト
283,비구술,溜溜糖球,Arakdo,Gehweiher,Surskit,Surskit,Surskit,アメタマ
284,비나방,雨翅蛾,Maskadra,Maskeregen,Masquerain,Masquerain,Masquerain,アメモース
285,버섯꼬,蘑蘑菇,Balignon,Knilz,Shroomish,Shroomish,Shroomish,キノココ
286,버섯모,斗笠菇,Chapignon,Kapilz,Breloom,Breloom,Breloom,キノガッサ
287,게을로,懶人獺,Parecool,Bummelz,Slakoth,Slakoth,Slakoth,ナマケロ
288,발바로,過動猿,Vigoroth,Muntier,Vigoroth,Vigoroth,Vigoroth,ヤルキモノ
289,게을킹,請假王,Monaflèmit,Letarking,Slaking,Slaking,Slaking,ケッキング
290,토중몬,土居忍士,Ningale,Nincada,Nincada,Nincada,Nincada,ツチニン
291,아이스크,鐵面忍者,Ninjask,Ninjask,Ninjask,Ninjask,Ninjask,テッカニン
292,껍질몬,脫殼忍者,Munja,Ninjatom,Shedinja,Shedinja,Shedinja,ヌケニン
293,소곤룡,咕妞妞,Chuchmur,Flurmel,Whismur,Whismur,Whismur,ゴニョニョ
294,노공룡,吼爆彈,Ramboum,Krakeelo,Loudred,Loudred,Loudred,ドゴーム
295,폭음룡,爆音怪,Brouhabam,Krawumms,Exploud,Exploud,Exploud,バクオング
296,마크탕,幕下力士,Makuhita,Makuhita,Makuhita,Makuhita,Makuhita,マクノシタ
297,하리뭉,鐵掌力士,Hariyama,Hariyama,Hariyama,Hariyama,Hariyama,ハリテヤマ
298,루리리,露力麗,Azurill,Azurill,Azurill,Azurill,Azurill,ルリリ
299,코코파스,朝北鼻,Tarinor,Nasgnet,Nosepass,Nosepass,Nosepass,ノズパス
300,에나비,向尾喵,Skitty,Eneco,Skitty,Skitty,Skitty,エネコ
301,델케티,優雅貓,Delcatty,Enekoro,Delcatty,Delcatty,Delcatty,エネコロロ
302,깜까미,勾魂眼,Ténéfix,Zobiris,Sableye,Sableye,Sableye,ヤミラミ
303,입치트,大嘴娃,Mysdibule,Flunkifer,Mawile,Mawile,Mawile,クチート
304,가보리,可可多拉,Galekid,Stollunior,Aron,Aron,Aron,ココドラ
305,갱도라,可多拉,Galegon,Stollrak,Lairon,Lairon,Lairon,コドラ
306,보스로라,波士可多拉,Galeking,Stolloss,Aggron,Aggron,Aggron,ボスゴドラ
307,요가랑,瑪沙那,Méditikka,Meditie,Meditite,Meditite,Meditite,アサナン
308,요가램,恰雷姆,Charmina,Meditalis,Medicham,Medicham,Medicham,チャーレム
309,썬더라이,落雷獸,Dynavolt,Frizelbliz,Electrike,Electrike,Electrike,ラクライ
310,썬더볼트,雷電獸,Élecsprint,Voltenso,Manectric,Manectric,Manectric,ライボルト
311,플러시,正電拍拍,Posipi,Plusle,Plusle,Plusle,Plusle,プラスル
312,마이농,負電拍拍,Négapi,Minun,Minun,Minun,Minun,マイナン
313,볼비트,電螢蟲,Muciole,Volbeat,Volbeat,Volbeat,Volbeat,バルビート
314,네오비트,甜甜螢,Lumivole,Illumise,Illumise,Illumise,Illumise,イルミーゼ
315,로젤리아,毒薔薇,Rosélia,Roselia,Roselia,Roselia,Roselia,ロゼリア
316,꼴깍몬,溶食獸,Gloupti,Schluppuck,Gulpin,Gulpin,Gulpin,ゴクリン
317,꿀꺽몬,吞食獸,Avaltout,Schlukwech,Swalot,Swalot,Swalot,マルノーム
318,샤프니아,利牙魚,Carvanha,Kanivanha,Carvanha,Carvanha,Carvanha,キバニア
319,샤크니아,巨牙鯊,Sharpedo,Tohaido,Sharpedo,Sharpedo,Sharpedo,サメハダー
320,고래왕자,吼吼鯨,Wailmer,Wailmer,Wailmer,Wailmer,Wailmer,ホエルコ
321,고래왕,吼鯨王,Wailord,Wailord,Wailord,Wailord,Wailord,ホエルオー
322,둔타,呆火駝,Chamallot,Camaub,Numel,Numel,Numel,ドンメル
323,폭타,噴火駝,Camérupt,Camerupt,Camerupt,Camerupt,Camerupt,バクーダ
324,코터스,煤炭龜,Chartor,Qurtel,Torkoal,Torkoal,Torkoal,コータス
325,피그점프,跳跳豬,Spoink,Spoink,Spoink,Spoink,Spoink,バネブー
326,피그킹,噗噗豬,Groret,Groink,Grumpig,Grumpig,Grumpig,ブーピッグ
327,얼루기,晃晃斑,Spinda,Pandir,Spinda,Spinda,Spinda,パッチール
328,톱치,大顎蟻,Kraknoix,Knacklion,Trapinch,Trapinch,Trapinch,ナックラー
329,비브라바,超音波幼蟲,Vibraninf,Vibrava,Vibrava,Vibrava,Vibrava,ビブラーバ
330,플라이곤,沙漠蜻蜓,Libégon,Libelldra,Flygon,Flygon,Flygon,フライゴン
331,선인왕,刺球仙人掌,Cacnea,Tuska,Cacnea,Cacnea,Cacnea,サボネア
332,밤선인,夢歌仙人掌,Cacturne,Noktuska,Cacturne,Cacturne,Cacturne,ノクタス
333,파비코,青綿鳥,Tylton,Wablu,Swablu,Swablu,Swablu,チルット
334,파비코리,七夕青鳥,Altaria,Altaria,Altaria,Altaria,Altaria,チルタリス
335,쟝고,貓鼬斬,Mangriff,Sengo,Zangoose,Zangoose,Zangoose,ザングース
336,세비퍼,飯匙蛇,Séviper,Vipitis,Seviper,Seviper,Seviper,ハブネーク
337,루나톤,月石,Séléroc,Lunastein,Lunatone,Lunatone,Lunatone,ルナトーン
338,솔록,太陽岩,Solaroc,Sonnfel,Solrock,Solrock,Solrock,ソルロック
339,미꾸리,泥泥鰍,Barloche,Schmerbe,Barboach,Barboach,Barboach,ドジョッチ
340,메깅,鯰魚王,Barbicha,Welsar,Whiscash,Whiscash,Whiscash,ナマズン
341,가재군,龍蝦小兵,Écrapince,Krebscorps,Corphish,Corphish,Corphish,ヘイガニ
342,가재장군,鐵螯龍蝦,Colhomard,Krebutack,Crawdaunt,Crawdaunt,Crawdaunt,シザリガー
343,오뚝군,天秤偶,Balbuto,Puppance,Baltoy,Baltoy,Baltoy,ヤジロン
344,점토도리,念力土偶,Kaorine,Lepumentas,Claydol,Claydol,Claydol,ネンドール
345,릴링,觸手百合,Lilia,Liliep,Lileep,Lileep,Lileep,リリーラ
346,릴리요,搖籃百合,Vacilys,Wielie,Cradily,Cradily,Cradily,ユレイドル
347,아노딥스,太古羽蟲,Anorith,Anorith,Anorith,Anorith,Anorith,アノプス
348,아말도,太古盔甲,Armaldo,Armaldo,Armaldo,Armaldo,Armaldo,アーマルド
349,빈티나,醜醜魚,Barpau,Barschwa,Feebas,Feebas,Feebas,ヒンバス
350,밀로틱,美納斯,Milobellus,Milotic,Milotic,Milotic,Milotic,ミロカロス
351,캐스퐁,飄浮泡泡,Morphéo,Formeo,Castform,Castform,Castform,ポワルン
352,켈리몬,變隱龍,Kecleon,Kecleon,Kecleon,Kecleon,Kecleon,カクレオン
353,어둠대신,怨影娃娃,Polichombr,Shuppet,Shuppet,Shuppet,Shuppet,カゲボウズ
354,다크펫,詛咒娃娃,Branette,Banette,Banette,Banette,Banette,ジュペッタ
355,해골몽,夜巡靈,Skelénox,Zwirrlicht,Duskull,Duskull,Duskull,ヨマワル
356,미라몽,彷徨夜靈,Téraclope,Zwirrklop,Dusclops,Dusclops,Dusclops,サマヨール
357,트로피우스,熱帶龍,Tropius,Tropius,Tropius,Tropius,Tropius,トロピウス
358,치렁,風鈴鈴,Éoko,Palimpalim,Chimecho,Chimecho,Chimecho,チリーン
359,앱솔,阿勃梭魯,Absol,Absol,Absol,Absol,Absol,アブソル
360,마자,小果然,Okéoké,Isso,Wynaut,Wynaut,Wynaut,ソーナノ
361,눈꼬마,雪童子,Stalgamin,Schneppke,Snorunt,Snorunt,Snorunt,ユキワラシ
362,얼음귀신,冰鬼護,Oniglali,Firnontor,Glalie,Glalie,Glalie,オニゴーリ
363,대굴레오,海豹球,Obalie,Seemops,Spheal,Spheal,Spheal,タマザラシ
364,씨레오,海魔獅,Phogleur,Seejong,Sealeo,Sealeo,Sealeo,トドグラー
365,씨카이저,帝牙海獅,Kaimorse,Walraisa,Walrein,Walrein,Walrein,トドゼルガ
366,진주몽,珍珠貝,Coquiperl,Perlu,Clamperl,Clamperl,Clamperl,パールル
367,헌테일,獵斑魚,Serpang,Aalabyss,Huntail,Huntail,Huntail,ハンテール
368,분홍장이,櫻花魚,Rosabyss,Saganabyss,Gorebyss,Gorebyss,Gorebyss,サクラビス
369,시라칸,古空棘魚,Relicanth,Relicanth,Relicanth,Relicanth,Relicanth,ジーランス
370,사랑동이,愛心魚,Lovdisc,Liebiskus,Luvdisc,Luvdisc,Luvdisc,ラブカス
371,아공이,寶貝龍,Draby,Kindwurm,Bagon,Bagon,Bagon,タツベイ
372,쉘곤,甲殼龍,Drackhaus,Draschel,Shelgon,Shelgon,Shelgon,コモルー
373,보만다,暴飛龍,Drattak,Brutalanda,Salamence,Salamence,Salamence,ボーマンダ
374,메탕,鐵啞鈴,Terhal,Tanhel,Beldum,Beldum,Beldum,ダンバル
375,메탕구,金屬怪,Métang,Metang,Metang,Metang,Metang,メタング
376,메타그로스,巨金怪,Métalosse,Metagross,Metagross,Metagross,Metagross,メタグロス
377,레지락,雷吉洛克,Regirock,Regirock,Regirock,Regirock,Regirock,レジロック
378,레지아이스,雷吉艾斯,Regice,Regice,Regice,Regice,Regice,レジアイス
379,레지스틸,雷吉斯奇魯,Registeel,Registeel,Registeel,Registeel,Registeel,レジスチル
380,라티아스,拉帝亞斯,Latias,Latias,Latias,Latias,Latias,ラティアス
381,라티오스,拉帝歐斯,Latios,Latios,Latios,Latios,Latios,ラティオス
382,가이오가,蓋歐卡,Kyogre,Kyogre,Kyogre,Kyogre,Kyogre,カイオーガ
383,그란돈,固拉多,Groudon,Groudon,Groudon,Groudon,Groudon,グラードン
384,레쿠쟈,烈空坐,Rayquaza,Rayquaza,Rayquaza,Rayquaza,Rayquaza,レックウザ
385,지라치,基拉祈,Jirachi,Jirachi,Jirachi,Jirachi,Jirachi,ジラーチ
386,테오키스,代歐奇希斯,Deoxys,Deoxys,Deoxys,Deoxys,Deoxys,デオキシス
387,모부기,草苗龜,Tortipouss,Chelast,Turtwig,Turtwig,Turtwig,ナエトル
388,수풀부기,樹林龜,Boskara,Chelcarain,Grotle,Grotle,Grotle,ハヤシガメ
389,토대부기,土台龜,Torterra,Chelterrar,Torterra,Torterra,Torterra,ドダイトス
390,불꽃숭이,小火焰猴,Ouisticram,Panflam,Chimchar,Chimchar,Chimchar,ヒコザル
391,파이숭이,猛火猴,Chimpenfeu,Panpyro,Monferno,Monferno,Monferno,モウカザル
392,초염몽,烈焰猴,Simiabraz,Panferno,Infernape,Infernape,Infernape,ゴウカザル
393,팽도리,波加曼,Tiplouf,Plinfa,Piplup,Piplup,Piplup,ポッチャマ
394,팽태자,波皇子,Prinplouf,Pliprin,Prinplup,Prinplup,Prinplup,ポッタイシ
395,엠페르트,帝王拿波,Pingoléon,Impoleon,Empoleon,Empoleon,Empoleon,エンペルト
396,찌르꼬,姆克兒,Étourmi,Staralili,Starly,Starly,Starly,ムックル
397,찌르버드,姆克鳥,Étourvol,Staravia,Staravia,Staravia,Staravia,ムクバード
398,찌르호크,姆克鷹,Étouraptor,Staraptor,Staraptor,Staraptor,Staraptor,ムクホーク
399,비버니,大牙狸,Keunotor,Bidiza,Bidoof,Bidoof,Bidoof,ビッパ
400,비버통,大尾狸,Castorno,Bidifas,Bibarel,Bibarel,Bibarel,ビーダル
401,귀뚤뚜기,圓法師,Crikzik,Zirpurze,Kricketot,Kricketot,Kricketot,コロボーシ
402,귀뚤톡크,音箱蟀,Mélokrik,Zirpeise,Kricketune,Kricketune,Kricketune,コロトック
403,꼬링크,小貓怪,Lixy,Sheinux,Shinx,Shinx,Shinx,コリンク
404,럭시오,勒克貓,Luxio,Luxio,Luxio,Luxio,Luxio,ルクシオ
405,렌트라,倫琴貓,Luxray,Luxtra,Luxray,Luxray,Luxray,レントラー
406,꼬몽울,含羞苞,Rozbouton,Knospi,Budew,Budew,Budew,スボミー
407,로즈레이드,羅絲雷朵,Roserade,Roserade,Roserade,Roserade,Roserade,ロズレイド
408,두개도스,頭蓋龍,Kranidos,Koknodon,Cranidos,Cranidos,Cranidos,ズガイドス
409,램펄드,戰槌龍,Charkos,Rameidon,Rampardos,Rampardos,Rampardos,ラムパルド
410,방패톱스,盾甲龍,Dinoclier,Schilterus,Shieldon,Shieldon,Shieldon,タテトプス
411,바리톱스,護城龍,Bastiodon,Bollterus,Bastiodon,Bastiodon,Bastiodon,トリデプス
412,도롱충이,結草兒,Cheniti,Burmy,Burmy,Burmy,Burmy,ミノムッチ
413,도롱마담,結草貴婦,Cheniselle,Burmadame,Wormadam,Wormadam,Wormadam,ミノマダム
414,나메일,紳士蛾,Papilord,Moterpel,Mothim,Mothim,Mothim,ガーメイル
415,세꿀버리,三蜜蜂,Apitrini,Wadribie,Combee,Combee,Combee,ミツハニー
416,비퀸,蜂女王,Apireine,Honweisel,Vespiquen,Vespiquen,Vespiquen,ビークイン
417,파치리스,帕奇利茲,Pachirisu,Pachirisu,Pachirisu,Pachirisu,Pachirisu,パチリス
418,브이젤,泳圈鼬,Mustébouée,Bamelin,Buizel,Buizel,Buizel,ブイゼル
419,플로젤,浮潛鼬,Mustéflott,Bojelin,Floatzel,Floatzel,Floatzel,フローゼル
420,체리버,櫻花寶,Ceribou,Kikugi,Cherubi,Cherubi,Cherubi,チェリンボ
421,체리꼬,櫻花兒,Ceriflor,Kinoso,Cherrim,Cherrim,Cherrim,チェリム
422,깝질무,無殼海兔,Sancoki,Schalellos,Shellos,Shellos,Shellos,カラナクシ
423,트리토돈,海兔獸,Tritosor,Gastrodon,Gastrodon,Gastrodon,Gastrodon,トリトドン
424,겟핸보숭,雙尾怪手,Capidextre,Ambidiffel,Ambipom,Ambipom,Ambipom,エテボース
425,흔들풍손,飄飄球,Baudrive,Driftlon,Drifloon,Drifloon,Drifloon,フワンテ
426,둥실라이드,隨風球,Grodrive,Drifzepeli,Drifblim,Drifblim,Drifblim,フワライド
427,이어롤,捲捲耳,Laporeille,Haspiror,Buneary,Buneary,Buneary,ミミロル
428,이어롭,長耳兔,Lockpin,Schlapor,Lopunny,Lopunny,Lopunny,ミミロップ
429,무우마직,夢妖魔,Magirêve,Traunmagil,Mismagius,Mismagius,Mismagius,ムウマージ
430,돈크로우,烏鴉頭頭,Corboss,Kramshef,Honchkrow,Honchkrow,Honchkrow,ドンカラス
431,나옹마,魅力喵,Chaglam,Charmian,Glameow,Glameow,Glameow,ニャルマー
432,몬냥이,東施喵,Chaffreux,Shnurgarst,Purugly,Purugly,Purugly,ブニャット
433,랑딸랑,鈴鐺響,Korillon,Klingplim,Chingling,Chingling,Chingling,リーシャン
434,스컹뿡,臭鼬噗,Moufouette,Skunkapuh,Stunky,Stunky,Stunky,スカンプー
435,스컹탱크,坦克臭鼬,Moufflair,Skuntank,Skuntank,Skuntank,Skuntank,スカタンク
436,동미러,銅鏡怪,Archéomire,Bronzel,Bronzor,Bronzor,Bronzor,ドーミラー
437,동탁군,青銅鐘,Archéodong,Bronzong,Bronzong,Bronzong,Bronzong,ドータクン
438,꼬지지,盆才怪,Manzaï,Mobai,Bonsly,Bonsly,Bonsly,ウソハチ
439,흉내내,魔尼尼,Mime Jr.,Pantimimi,Mime Jr.,Mime Jr.,Mime Jr.,マネネ
440,핑복,小福蛋,Ptiravi,Wonneira,Happiny,Happiny,Happiny,ピンプク
441,페라페,聒噪鳥,Pijako,Plaudagei,Chatot,Chatot,Chatot,ペラップ
442,화강돌,花岩怪,Spiritomb,Kryppuk,Spiritomb,Spiritomb,Spiritomb,ミカルゲ
443,딥상어동,圓陸鯊,Griknot,Kaumalat,Gible,Gible,Gible,フカマル
444,한바이트,尖牙陸鯊,Carmache,Knarksel,Gabite,Gabite,Gabite,ガバイト
445,한카리아스,烈咬陸鯊,Carchacrok,Knakrack,Garchomp,Garchomp,Garchomp,ガブリアス
446,먹고자,小卡比獸,Goinfrex,Mampfaxo,Munchlax,Munchlax,Munchlax,ゴンベ
447,리오르,利歐路,Riolu,Riolu,Riolu,Riolu,Riolu,リオル
448,루카리오,路卡利歐,Lucario,Lucario,Lucario,Lucario,Lucario,ルカリオ
449,히포포타스,沙河馬,Hippopotas,Hippopotas,Hippopotas,Hippopotas,Hippopotas,ヒポポタス
450,하마돈,河馬獸,Hippodocus,Hippoterus,Hippowdon,Hippowdon,Hippowdon,カバルドン
451,스콜피,鉗尾蠍,Rapion,Pionskora,Skorupi,Skorupi,Skorupi,スコルピ
452,드래피온,龍王蠍,Drascore,Piondragi,Drapion,Drapion,Drapion,ドラピオン
453,삐딱구리,不良蛙,Cradopaud,Glibunkel,Croagunk,Croagunk,Croagunk,グレッグル
454,독개굴,毒骷蛙,Coatox,Toxiquak,Toxicroak,Toxicroak,Toxicroak,ドクロッグ
455,무스틈니,尖牙籠,Vortente,Venuflibis,Carnivine,Carnivine,Carnivine,マスキッパ
456,형광어,螢光魚,Écayon,Finneon,Finneon,Finneon,Finneon,ケイコウオ
457,네오라이트,霓虹魚,Luminéon,Lumineon,Lumineon,Lumineon,Lumineon,ネオラント
458,타만타,小球飛魚,Babimanta,Mantirps,Mantyke,Mantyke,Mantyke,タマンタ
459,눈쓰개,雪笠怪,Blizzi,Shnebedeck,Snover,Snover,Snover,ユキカブリ
460,눈설왕,暴雪王,Blizzaroi,Rexblisar,Abomasnow,Abomasnow,Abomasnow,ユキノオー
461,포푸니라,瑪狃拉,Dimoret,Snibunna,Weavile,Weavile,Weavile,マニューラ
462,자포코일,自爆磁怪,Magnézone,Magnezone,Magnezone,Magnezone,Magnezone,ジバコイル
463,내룸벨트,大舌舔,Coudlangue,Schlurplek,Lickilicky,Lickilicky,Lickilicky,ベロベルト
464,거대코뿌리,超甲狂犀,Rhinastoc,Rihornior,Rhyperior,Rhyperior,Rhyperior,ドサイドン
465,덩쿠림보,巨蔓藤,Bouldeneu,Tangoloss,Tangrowth,Tangrowth,Tangrowth,モジャンボ
466,에레키블,電擊魔獸,Élekable,Elevoltek,Electivire,Electivire,Electivire,エレキブル
467,마그마번,鴨嘴炎獸,Maganon,Magbrant,Magmortar,Magmortar,Magmortar,ブーバーン
468,토게키스,波克基斯,Togekiss,Togekiss,Togekiss,Togekiss,Togekiss,トゲキッス
469,메가자리,遠古巨蜓,Yanmega,Yanmega,Yanmega,Yanmega,Yanmega,メガヤンマ
470,리피아,葉伊布,Phyllali,Folipurba,Leafeon,Leafeon,Leafeon,リーフィア
471,글레이시아,冰伊布,Givrali,Glaziola,Glaceon,Glaceon,Glaceon,グレイシア
472,글라이온,天蠍王,Scorvol,Skorgro,Gliscor,Gliscor,Gliscor,グライオン
473,맘모꾸리,象牙豬,Mammochon,Mamutel,Mamoswine,Mamoswine,Mamoswine,マンムー
474,폴리곤Z,多邊獸Ｚ,Porygon-Z,Porygon-Z,Porygon-Z,Porygon-Z,Porygon-Z,ポリゴンＺ
475,엘레이드,艾路雷朵,Gallame,Galagladi,Gallade,Gallade,Gallade,エルレイド
476,대코파스,大朝北鼻,Tarinorme,Voluminas,Probopass,Probopass,Probopass,ダイノーズ
477,야느와르몽,黑夜魔靈,Noctunoir,Zwirrfinst,Dusknoir,Dusknoir,Dusknoir,ヨノワール
478,눈여아,雪妖女,Momartik,Frosdedje,Froslass,Froslass,Froslass,ユキメノコ
479,로토무,洛托姆,Motisma,Rotom,Rotom,Rotom,Rotom,ロトム
480,유크시,由克希,Créhelf,Selfe,Uxie,Uxie,Uxie,ユクシー
481,엠라이트,艾姆利多,Créfollet,Vesprit,Mesprit,Mesprit,Mesprit,エムリット
482,아그놈,亞克諾姆,Créfadet,Tobutz,Azelf,Azelf,Azelf,アグノム
483,디아루가,帝牙盧卡,Dialga,Dialga,Dialga,Dialga,Dialga,ディアルガ
484,펄기아,帕路奇亞,Palkia,Palkia,Palkia,Palkia,Palkia,パルキア
485,히드런,席多藍恩,Heatran,Heatran,Heatran,Heatran,Heatran,ヒードラン
486,레지기가스,雷吉奇卡斯,Regigigas,Regigigas,Regigigas,Regigigas,Regigigas,レジギガス
487,기라티나,騎拉帝納,Giratina,Giratina,Giratina,Giratina,Giratina,ギラティナ
488,크레세리아,克雷色利亞,Cresselia,Cresselia,Cresselia,Cresselia,Cresselia,クレセリア
489,피오네,霏歐納,Phione,Phione,Phione,Phione,Phione,フィオネ
490,마나피,瑪納霏,Manaphy,Manaphy,Manaphy,Manaphy,Manaphy,マナフィ
491,다크라이,達克萊伊,Darkrai,Darkrai,Darkrai,Darkrai,Darkrai,ダークライ
492,쉐이미,謝米,Shaymin,Shaymin,Shaymin,Shaymin,Shaymin,シェイミ
493,아르세우스,阿爾宙斯,Arceus,Arceus,Arceus,Arceus,Arceus,アルセウス
494,비크티니,比克提尼,Victini,Victini,Victini,Victini,Victini,ビクティニ
495,주리비얀,藤藤蛇,Vipélierre,Serpifeu,Snivy,Snivy,Snivy,ツタージャ
496,샤비,青藤蛇,Lianaja,Efoserp,Servine,Servine,Servine,ジャノビー
497,샤로다,君主蛇,Majaspic,Serpiroyal,Serperior,Serperior,Serperior,ジャローダ
498,뚜꾸리,暖暖豬,Gruikui,Floink,Tepig,Tepig,Tepig,ポカブ
499,차오꿀,炒炒豬,Grotichon,Ferkokel,Pignite,Pignite,Pignite,チャオブー
500,염무왕,炎武王,Roitiflam,Flambirex,Emboar,Emboar,Emboar,エンブオー
501,수댕이,水水獺,Moustillon,Ottaro,Oshawott,Oshawott,Oshawott,ミジュマル
502,쌍검자비,雙刃丸,Mateloutre,Zwottronin,Dewott,Dewott,Dewott,フタチマル
503,대검귀,大劍鬼,Clamiral,Admurai,Samurott,Samurott,Samurott,ダイケンキ
504,보르쥐,探探鼠,Ratentif,Nagelotz,Patrat,Patrat,Patrat,ミネズミ
505,보르그,步哨鼠,Miradar,Kukmarda,Watchog,Watchog,Watchog,ミルホッグ
506,요테리,小約克,Ponchiot,Yorkleff,Lillipup,Lillipup,Lillipup,ヨーテリー
507,하데리어,哈約克,Ponchien,Terribark,Herdier,Herdier,Herdier,ハーデリア
508,바랜드,長毛狗,Mastouffe,Bissbark,Stoutland,Stoutland,Stoutland,ムーランド
509,쌔비냥,扒手貓,Chacripan,Felilou,Purrloin,Purrloin,Purrloin,チョロネコ
510,레파르다스,酷豹,Léopardus,Kleoparda,Liepard,Liepard,Liepard,レパルダス
511,야나프,花椰猴,Feuillajou,Vegimak,Pansage,Pansage,Pansage,ヤナップ
512,야나키,花椰猿,Feuiloutan,Vegichita,Simisage,Simisage,Simisage,ヤナッキー
513,바오프,爆香猴,Flamajou,Grillmak,Pansear,Pansear,Pansear,バオップ
514,바오키,爆香猿,Flamoutan,Grillchita,Simisear,Simisear,Simisear,バオッキー
515,앗차프,冷水猴,Flotajou,Sodamak,Panpour,Panpour,Panpour,ヒヤップ
516,앗차키,冷水猿,Flotoutan,Sodachita,Simipour,Simipour,Simipour,ヒヤッキー
517,몽나,食夢夢,Munna,Somniam,Munna,Munna,Munna,ムンナ
518,몽얌나,夢夢蝕,Mushana,Somnivora,Musharna,Musharna,Musharna,ムシャーナ
519,콩둘기,豆豆鴿,Poichigeon,Dusselgurr,Pidove,Pidove,Pidove,マメパト
520,유토브,咕咕鴿,Colombeau,Navitaub,Tranquill,Tranquill,Tranquill,ハトーボー
521,켄호로우,高傲雉雞,Déflaisan,Fasasnob,Unfezant,Unfezant,Unfezant,ケンホロウ
522,줄뮤마,斑斑馬,Zébibron,Elezeba,Blitzle,Blitzle,Blitzle,シママ
523,제브라이카,雷電斑馬,Zéblitz,Zebritz,Zebstrika,Zebstrika,Zebstrika,ゼブライカ
524,단굴,石丸子,Nodulithe,Kiesling,Roggenrola,Roggenrola,Roggenrola,ダンゴロ
525,암트르,地幔岩,Géolithe,Sedimantur,Boldore,Boldore,Boldore,ガントル
526,기가이어스,龐岩怪,Gigalithe,Brockoloss,Gigalith,Gigalith,Gigalith,ギガイアス
527,또르박쥐,滾滾蝙蝠,Chovsourir,Fleknoil,Woobat,Woobat,Woobat,コロモリ
528,맘박쥐,心蝙蝠,Rhinolove,Fletiamo,Swoobat,Swoobat,Swoobat,ココロモリ
529,두더류,螺釘地鼠,Rototaupe,Rotomurf,Drilbur,Drilbur,Drilbur,モグリュー
530,몰드류,龍頭地鼠,Minotaupe,Stalobor,Excadrill,Excadrill,Excadrill,ドリュウズ
531,다부니,差不多娃娃,Nanméouïe,Ohrdoch,Audino,Audino,Audino,タブンネ
532,으랏차,搬運小匠,Charpenti,Praktibalk,Timburr,Timburr,Timburr,ドッコラー
533,토쇠골,鐵骨土人,Ouvrifier,Strepoli,Gurdurr,Gurdurr,Gurdurr,ドテッコツ
534,노보청,修建老匠,Bétochef,Meistagrif,Conkeldurr,Conkeldurr,Conkeldurr,ローブシン
535,동챙이,圓蝌蚪,Tritonde,Schallquap,Tympole,Tympole,Tympole,オタマロ
536,두까비,藍蟾蜍,Batracné,Mebrana,Palpitoad,Palpitoad,Palpitoad,ガマガル
537,두빅굴,蟾蜍王,Crapustule,Branawarz,Seismitoad,Seismitoad,Seismitoad,ガマゲロゲ
538,던지미,投摔鬼,Judokrak,Jiutesto,Throh,Throh,Throh,ナゲキ
539,타격귀,打擊鬼,Karaclée,Karadonis,Sawk,Sawk,Sawk,ダゲキ
540,두르보,蟲寶包,Larveyette,Strawickl,Sewaddle,Sewaddle,Sewaddle,クルミル
541,두르쿤,寶包繭,Couverdure,Folikon,Swadloon,Swadloon,Swadloon,クルマユ
542,모아머,保母蟲,Manternel,Matrifol,Leavanny,Leavanny,Leavanny,ハハコモリ
543,마디네,百足蜈蚣,Venipatte,Toxiped,Venipede,Venipede,Venipede,フシデ
544,휠구,車輪毬,Scobolide,Rollum,Whirlipede,Whirlipede,Whirlipede,ホイーガ
545,펜드라,蜈蚣王,Brutapode,Cerapendra,Scolipede,Scolipede,Scolipede,ペンドラー
546,소미안,木棉球,Doudouvet,Waumboll,Cottonee,Cottonee,Cottonee,モンメン
547,엘풍,風妖精,Farfaduvet,Elfun,Whimsicott,Whimsicott,Whimsicott,エルフーン
548,치릴리,百合根娃娃,Chlorobule,Lilminip,Petilil,Petilil,Petilil,チュリネ
549,드레디어,裙兒小姐,Fragilady,Dressella,Lilligant,Lilligant,Lilligant,ドレディア
550,배쓰나이,野蠻鱸魚,Bargantua,Barschuft,Basculin,Basculin,Basculin,バスラオ
551,깜눈크,黑眼鱷,Mascaïman,Ganovil,Sandile,Sandile,Sandile,メグロコ
552,악비르,混混鱷,Escroco,Rokkaiman,Krokorok,Krokorok,Krokorok,ワルビル
553,악비아르,流氓鱷,Crocorible,Rabigator,Krookodile,Krookodile,Krookodile,ワルビアル
554,달막화,火紅不倒翁,Darumarond,Flampion,Darumaka,Darumaka,Darumaka,ダルマッカ
555,불비달마,達摩狒狒,Darumacho,Flampivian,Darmanitan,Darmanitan,Darmanitan,ヒヒダルマ
556,마라카치,沙鈴仙人掌,Maracachi,Maracamba,Maractus,Maractus,Maractus,マラカッチ
557,돌살이,石居蟹,Crabicoque,Lithomith,Dwebble,Dwebble,Dwebble,イシズマイ
558,암팰리스,岩殿居蟹,Crabaraque,Castellith,Crustle,Crustle,Crustle,イワパレス
559,곤율랭,滑滑小子,Baggiguane,Zurrokex,Scraggy,Scraggy,Scraggy,ズルッグ
560,곤율거니,頭巾混混,Baggaïd,Irokex,Scrafty,Scrafty,Scrafty,ズルズキン
561,심보러,象徵鳥,Cryptéro,Symvolara,Sigilyph,Sigilyph,Sigilyph,シンボラー
562,데스마스,哭哭面具,Tutafeh,Makabaja,Yamask,Yamask,Yamask,デスマス
563,데스니칸,死神棺,Tutankafer,Echnatoll,Cofagrigus,Cofagrigus,Cofagrigus,デスカーン
564,프로토가,原蓋海龜,Carapagos,Galapaflos,Tirtouga,Tirtouga,Tirtouga,プロトーガ
565,늑골라,肋骨海龜,Mégapagos,Karippas,Carracosta,Carracosta,Carracosta,アバゴーラ
566,아켄,始祖小鳥,Arkéapti,Flapteryx,Archen,Archen,Archen,アーケン
567,아케오스,始祖大鳥,Aéroptéryx,Aeropteryx,Archeops,Archeops,Archeops,アーケオス
568,깨봉이,破破袋,Miamiasme,Unratütox,Trubbish,Trubbish,Trubbish,ヤブクロン
569,더스트나,灰塵山,Miasmax,Deponitox,Garbodor,Garbodor,Garbodor,ダストダス
570,조로아,索羅亞,Zorua,Zorua,Zorua,Zorua,Zorua,ゾロア
571,조로아크,索羅亞克,Zoroark,Zoroark,Zoroark,Zoroark,Zoroark,ゾロアーク
572,치라미,泡沫栗鼠,Chinchidou,Picochilla,Minccino,Minccino,Minccino,チラーミィ
573,치라치노,奇諾栗鼠,Pashmilla,Chillabell,Cinccino,Cinccino,Cinccino,チラチーノ
574,고디탱,哥德寶寶,Scrutella,Mollimorba,Gothita,Gothita,Gothita,ゴチム
575,고디보미,哥德小童,Mesmérella,Hypnomorba,Gothorita,Gothorita,Gothorita,ゴチミル
576,고디모아젤,哥德小姐,Sidérella,Morbitesse,Gothitelle,Gothitelle,Gothitelle,ゴチルゼル
577,유니란,單卵細胞球,Nucléos,Monozyto,Solosis,Solosis,Solosis,ユニラン
578,듀란,雙卵細胞球,Méios,Mitodos,Duosion,Duosion,Duosion,ダブラン
579,란쿨루스,人造細胞卵,Symbios,Zytomega,Reuniclus,Reuniclus,Reuniclus,ランクルス
580,꼬지보리,鴨寶寶,Couaneton,Piccolente,Ducklett,Ducklett,Ducklett,コアルヒー
581,스완나,舞天鵝,Lakmécygne,Swaroness,Swanna,Swanna,Swanna,スワンナ
582,바닐프티,迷你冰,Sorbébé,Gelatini,Vanillite,Vanillite,Vanillite,バニプッチ
583,바닐리치,多多冰,Sorboul,Gelatroppo,Vanillish,Vanillish,Vanillish,バニリッチ
584,배바닐라,雙倍多多冰,Sorbouboul,Gelatwino,Vanilluxe,Vanilluxe,Vanilluxe,バイバニラ
585,사철록,四季鹿,Vivaldaim,Sesokitz,Deerling,Deerling,Deerling,シキジカ
586,바라철록,萌芽鹿,Haydaim,Kronjuwild,Sawsbuck,Sawsbuck,Sawsbuck,メブキジカ
587,에몽가,電飛鼠,Emolga,Emolga,Emolga,Emolga,Emolga,エモンガ
588,딱정곤,蓋蓋蟲,Carabing,Laukaps,Karrablast,Karrablast,Karrablast,カブルモ
589,슈바르고,騎士蝸牛,Lançargot,Cavalanzas,Escavalier,Escavalier,Escavalier,シュバルゴ
590,깜놀버슬,哎呀球菇,Trompignon,Tarnpignon,Foongus,Foongus,Foongus,タマゲタケ
591,뽀록나,敗露球菇,Gaulet,Hutsassa,Amoonguss,Amoonguss,Amoonguss,モロバレル
592,탱그릴,輕飄飄,Viskuse,Quabbel,Frillish,Frillish,Frillish,プルリル
593,탱탱겔,胖嘟嘟,Moyade,Apoquallyp,Jellicent,Jellicent,Jellicent,ブルンゲル
594,맘복치,保母曼波,Mamanbo,Mamolida,Alomomola,Alomomola,Alomomola,ママンボウ
595,파쪼옥,電電蟲,Statitik,Wattzapf,Joltik,Joltik,Joltik,バチュル
596,전툴라,電蜘蛛,Mygavolt,Voltula,Galvantula,Galvantula,Galvantula,デンチュラ
597,철시드,種子鐵球,Grindur,Kastadur,Ferroseed,Ferroseed,Ferroseed,テッシード
598,너트령,堅果啞鈴,Noacier,Tentantel,Ferrothorn,Ferrothorn,Ferrothorn,ナットレイ
599,기어르,齒輪兒,Tic,Klikk,Klink,Klink,Klink,ギアル
600,기기어르,齒輪組,Clic,Kliklak,Klang,Klang,Klang,ギギアル
601,기기기어르,齒輪怪,Cliticlic,Klikdiklak,Klinklang,Klinklang,Klinklang,ギギギアル
602,저리어,麻麻小魚,Anchwatt,Zapplardin,Tynamo,Tynamo,Tynamo,シビシラス
603,저리릴,麻麻鰻,Lampéroie,Zapplalek,Eelektrik,Eelektrik,Eelektrik,シビビール
604,저리더프,麻麻鰻魚王,Ohmassacre,Zapplarang,Eelektross,Eelektross,Eelektross,シビルドン
605,리그레,小灰怪,Lewsor,Pygraulon,Elgyem,Elgyem,Elgyem,リグレー
606,벰크,大宇怪,Neitram,Megalon,Beheeyem,Beheeyem,Beheeyem,オーベム
607,불켜미,燭光靈,Funécire,Lichtel,Litwick,Litwick,Litwick,ヒトモシ
608,램프라,燈火幽靈,Mélancolux,Laternecto,Lampent,Lampent,Lampent,ランプラー
609,샹델라,水晶燈火靈,Lugulabre,Skelabra,Chandelure,Chandelure,Chandelure,シャンデラ
610,터검니,牙牙,Coupenotte,Milza,Axew,Axew,Axew,キバゴ
611,액슨도,斧牙龍,Incisache,Sharfax,Fraxure,Fraxure,Fraxure,オノンド
612,액스라이즈,雙斧戰龍,Tranchodon,Maxax,Haxorus,Haxorus,Haxorus,オノノクス
613,코고미,噴嚏熊,Polarhume,Petznief,Cubchoo,Cubchoo,Cubchoo,クマシュン
614,툰베어,凍原熊,Polagriffe,Siberio,Beartic,Beartic,Beartic,ツンベアー
615,프리지오,幾何雪花,Hexagel,Frigometri,Cryogonal,Cryogonal,Cryogonal,フリージオ
616,쪼마리,小嘴蝸,Escargaume,Schnuthelm,Shelmet,Shelmet,Shelmet,チョボマキ
617,어지리더,敏捷蟲,Limaspeed,Hydragil,Accelgor,Accelgor,Accelgor,アギルダー
618,메더,泥巴魚,Limonde,Flunschlik,Stunfisk,Stunfisk,Stunfisk,マッギョ
619,비조푸,功夫鼬,Kungfouine,Lin-Fu,Mienfoo,Mienfoo,Mienfoo,コジョフー
620,비조도,師父鼬,Shaofouine,Wie-Shu,Mienshao,Mienshao,Mienshao,コジョンド
621,크리만,赤面龍,Drakkarmin,Shardrago,Druddigon,Druddigon,Druddigon,クリムガン
622,골비람,泥偶小人,Gringolem,Golbit,Golett,Golett,Golett,ゴビット
623,골루그,泥偶巨人,Golemastoc,Golgantes,Golurk,Golurk,Golurk,ゴルーグ
624,자망칼,駒刀小兵,Scalpion,Gladiantri,Pawniard,Pawniard,Pawniard,コマタナ
625,절각참,劈斬司令,Scalproie,Caesurio,Bisharp,Bisharp,Bisharp,キリキザン
626,버프론,爆炸頭水牛,Frison,Bisofank,Bouffalant,Bouffalant,Bouffalant,バッフロン
627,수리둥보,毛頭小鷹,Furaiglon,Geronimatz,Rufflet,Rufflet,Rufflet,ワシボン
628,워글,勇士雄鷹,Gueriaigle,Washakwil,Braviary,Braviary,Braviary,ウォーグル
629,벌차이,禿鷹丫頭,Vostourno,Skallyk,Vullaby,Vullaby,Vullaby,バルチャイ
630,버랜지나,禿鷹娜,Vaututrice,Grypheldis,Mandibuzz,Mandibuzz,Mandibuzz,バルジーナ
631,앤티골,熔蟻獸,Aflamanoir,Furnifraß,Heatmor,Heatmor,Heatmor,クイタラン
632,아이앤트,鐵蟻,Fermite,Fermicula,Durant,Durant,Durant,アイアント
633,모노두,單首龍,Solochi,Kapuno,Deino,Deino,Deino,モノズ
634,디헤드,雙首暴龍,Diamat,Duodino,Zweilous,Zweilous,Zweilous,ジヘッド
635,삼삼드래,三首惡龍,Trioxhydre,Trikephalo,Hydreigon,Hydreigon,Hydreigon,サザンドラ
636,활화르바,燃燒蟲,Pyronille,Ignivor,Larvesta,Larvesta,Larvesta,メラルバ
637,불카모스,火神蛾,Pyrax,Ramoth,Volcarona,Volcarona,Volcarona,ウルガモス
638,코바르온,勾帕路翁,Cobaltium,Kobalium,Cobalion,Cobalion,Cobalion,コバルオン
639,테라키온,代拉基翁,Terrakium,Terrakium,Terrakion,Terrakion,Terrakion,テラキオン
640,비리디온,畢力吉翁,Viridium,Viridium,Virizion,Virizion,Virizion,ビリジオン
641,토네로스,龍捲雲,Boréas,Boreos,Tornadus,Tornadus,Tornadus,トルネロス
642,볼트로스,雷電雲,Fulguris,Voltolos,Thundurus,Thundurus,Thundurus,ボルトロス
643,레시라무,萊希拉姆,Reshiram,Reshiram,Reshiram,Reshiram,Reshiram,レシラム
644,제크로무,捷克羅姆,Zekrom,Zekrom,Zekrom,Zekrom,Zekrom,ゼクロム
645,랜드로스,土地雲,Démétéros,Demeteros,Landorus,Landorus,Landorus,ランドロス
646,큐레무,酋雷姆,Kyurem,Kyurem,Kyurem,Kyurem,Kyurem,キュレム
647,케르디오,凱路迪歐,Keldeo,Keldeo,Keldeo,Keldeo,Keldeo,ケルディオ
648,메로엣타,美洛耶塔,Meloetta,Meloetta,Meloetta,Meloetta,Meloetta,メロエッタ
649,게노세크트,蓋諾賽克特,Genesect,Genesect,Genesect,Genesect,Genesect,ゲノセクト
650,도치마론,哈力栗,Marisson,Igamaro,Chespin,Chespin,Chespin,ハリマロン
651,도치보구,胖胖哈力,Boguérisse,Igastarnish,Quilladin,Quilladin,Quilladin,ハリボーグ
652,브리가론,布里卡隆,Blindépique,Brigaron,Chesnaught,Chesnaught,Chesnaught,ブリガロン
653,푸호꼬,火狐狸,Feunnec,Fynx,Fennekin,Fennekin,Fennekin,フォッコ
654,테르나,長尾火狐,Roussil,Rutena,Braixen,Braixen,Braixen,テールナー
655,마폭시,妖火紅狐,Goupelin,Fennexis,Delphox,Delphox,Delphox,マフォクシー
656,개구마르,呱呱泡蛙,Grenousse,Froxy,Froakie,Froakie,Froakie,ケロマツ
657,개굴반장,呱頭蛙,Croâporal,Amphizel,Frogadier,Frogadier,Frogadier,ゲコガシラ
658,개굴닌자,甲賀忍蛙,Amphinobi,Quajutsu,Greninja,Greninja,Greninja,ゲッコウガ
659,파르빗,掘掘兔,Sapereau,Scoppel,Bunnelby,Bunnelby,Bunnelby,ホルビー
660,파르토,掘地兔,Excavarenne,Grebbit,Diggersby,Diggersby,Diggersby,ホルード
661,화살꼬빈,小箭雀,Passerouge,Dartiri,Fletchling,Fletchling,Fletchling,ヤヤコマ
662,불화살빈,火箭雀,Braisillon,Dartignis,Fletchinder,Fletchinder,Fletchinder,ヒノヤコマ
663,파이어로,烈箭鷹,Flambusard,Fiaro,Talonflame,Talonflame,Talonflame,ファイアロー
664,분이벌레,粉蝶蟲,Lépidonille,Purmel,Scatterbug,Scatterbug,Scatterbug,コフキムシ
665,분떠도리,粉蝶蛹,Pérégrain,Puponcho,Spewpa,Spewpa,Spewpa,コフーライ
666,비비용,彩粉蝶,Prismillon,Vivillon,Vivillon,Vivillon,Vivillon,ビビヨン
667,레오꼬,小獅獅,Hélionceau,Leufeo,Litleo,Litleo,Litleo,シシコ
668,화염레오,火炎獅,Némélios,Pyroleo,Pyroar,Pyroar,Pyroar,カエンジシ
669,플라베베,花蓓蓓,Flabébé,Flabébé,Flabébé,Flabébé,Flabébé,フラベベ
670,플라엣테,花葉蒂,Floette,Floette,Floette,Floette,Floette,フラエッテ
671,플라제스,花潔夫人,Florges,Florges,Florges,Florges,Florges,フラージェス
672,메이클,坐騎小羊,Cabriolaine,Mähikel,Skiddo,Skiddo,Skiddo,メェークル
673,고고트,坐騎山羊,Chevroum,Chevrumm,Gogoat,Gogoat,Gogoat,ゴーゴート
674,판짱,頑皮熊貓,Pandespiègle,Pam-Pam,Pancham,Pancham,Pancham,ヤンチャム
675,부란다,流氓熊貓,Pandarbare,Pandagro,Pangoro,Pangoro,Pangoro,ゴロンダ
676,트리미앙,多麗米亞,Couafarel,Coiffwaff,Furfrou,Furfrou,Furfrou,トリミアン
677,냐스퍼,妙喵,Psystigri,Psiau,Espurr,Espurr,Espurr,ニャスパー
678,냐오닉스,超能妙喵,Mistigrix,Psiaugon,Meowstic,Meowstic,Meowstic,ニャオニクス
679,단칼빙,獨劍鞘,Monorpale,Gramokles,Honedge,Honedge,Honedge,ヒトツキ
680,쌍검킬,雙劍鞘,Dimoclès,Duokles,Doublade,Doublade,Doublade,ニダンギル
681,킬가르도,堅盾劍怪,Exagide,Durengard,Aegislash,Aegislash,Aegislash,ギルガルド
682,슈쁘,粉香香,Fluvetin,Parfi,Spritzee,Spritzee,Spritzee,シュシュプ
683,프레프티르,芳香精,Cocotine,Parfinesse,Aromatisse,Aromatisse,Aromatisse,フレフワン
684,나룸퍼프,綿綿泡芙,Sucroquin,Flauschling,Swirlix,Swirlix,Swirlix,ペロッパフ
685,나루림,胖甜妮,Cupcanaille,Sabbaione,Slurpuff,Slurpuff,Slurpuff,ペロリーム
686,오케이징,好啦魷,Sepiatop,Iscalar,Inkay,Inkay,Inkay,マーイーカ
687,칼라마네로,烏賊王,Sepiatroce,Calamanero,Malamar,Malamar,Malamar,カラマネロ
688,거북손손,龜腳腳,Opermine,Bithora,Binacle,Binacle,Binacle,カメテテ
689,거북손데스,龜足巨鎧,Golgopathe,Thanathora,Barbaracle,Barbaracle,Barbaracle,ガメノデス
690,수레기,垃垃藻,Venalgue,Algitt,Skrelp,Skrelp,Skrelp,クズモー
691,드래캄,毒藻龍,Kravarech,Tandrak,Dragalge,Dragalge,Dragalge,ドラミドロ
692,완철포,鐵臂槍蝦,Flingouste,Scampisto,Clauncher,Clauncher,Clauncher,ウデッポウ
693,블로스터,鋼炮臂蝦,Gamblast,Wummer,Clawitzer,Clawitzer,Clawitzer,ブロスター
694,목도리키텔,傘電蜥,Galvaran,Eguana,Helioptile,Helioptile,Helioptile,エリキテル
695,일레도리자드,光電傘蜥,Iguolta,Elezard,Heliolisk,Heliolisk,Heliolisk,エレザード
696,티고라스,寶寶暴龍,Ptyranidur,Balgoras,Tyrunt,Tyrunt,Tyrunt,チゴラス
697,견고라스,怪顎龍,Rexillius,Monargoras,Tyrantrum,Tyrantrum,Tyrantrum,ガチゴラス
698,아마루스,冰雪龍,Amagara,Amarino,Amaura,Amaura,Amaura,アマルス
699,아마루르가,冰雪巨龍,Dragmara,Amagarga,Aurorus,Aurorus,Aurorus,アマルルガ
700,님피아,仙子伊布,Nymphali,Feelinara,Sylveon,Sylveon,Sylveon,ニンフィア
701,루차불,摔角鷹人,Brutalibré,Resladero,Hawlucha,Hawlucha,Hawlucha,ルチャブル
702,데덴네,咚咚鼠,Dedenne,Dedenne,Dedenne,Dedenne,Dedenne,デデンネ
703,멜리시,小碎鑽,Strassie,Rocara,Carbink,Carbink,Carbink,メレシー
704,미끄메라,黏黏寶,Mucuscule,Viscora,Goomy,Goomy,Goomy,ヌメラ
705,미끄네일,黏美兒,Colimucus,Viscargot,Sliggoo,Sliggoo,Sliggoo,ヌメイル
706,미끄래곤,黏美龍,Muplodocus,Viscogon,Goodra,Goodra,Goodra,ヌメルゴン
707,클레피,鑰圈兒,Trousselin,Clavion,Klefki,Klefki,Klefki,クレッフィ
708,나목령,小木靈,Brocélôme,Paragoni,Phantump,Phantump,Phantump,ボクレー
709,대로트,朽木妖,Desséliande,Trombork,Trevenant,Trevenant,Trevenant,オーロット
710,호바귀,南瓜精,Pitrouille,Irrbis,Pumpkaboo,Pumpkaboo,Pumpkaboo,バケッチャ
711,펌킨인,南瓜怪人,Banshitrouye,Pumpdjinn,Gourgeist,Gourgeist,Gourgeist,パンプジン
712,꽁어름,冰寶,Grelaçon,Arktip,Bergmite,Bergmite,Bergmite,カチコール
713,크레베이스,冰岩怪,Séracrawl,Arktilas,Avalugg,Avalugg,Avalugg,クレベース
714,음뱃,嗡蝠,Sonistrelle,eF-eM,Noibat,Noibat,Noibat,オンバット
715,음번,音波龍,Bruyverne,UHaFnir,Noivern,Noivern,Noivern,オンバーン
716,제르네아스,哲爾尼亞斯,Xerneas,Xerneas,Xerneas,Xerneas,Xerneas,ゼルネアス
717,이벨타르,伊裴爾塔爾,Yveltal,Yveltal,Yveltal,Yveltal,Yveltal,イベルタル
718,지가르데,基格爾德,Zygarde,Zygarde,Zygarde,Zygarde,Zygarde,ジガルデ
719,디안시,蒂安希,Diancie,Diancie,Diancie,Diancie,Diancie,ディアンシー
720,후파,胡帕,Hoopa,Hoopa,Hoopa,Hoopa,Hoopa,フーパ
721,볼케니온,波爾凱尼恩,Volcanion,Volcanion,Volcanion,Volcanion,Volcanion,ボルケニオン
722,나몰빼미,木木梟,Brindibou,Bauz,Rowlet,Rowlet,Rowlet,モクロー
723,빼미스로우,投羽梟,Efflèche,Arboretoss,Dartrix,Dartrix,Dartrix,フクスロー
724,모크나이퍼,狙射樹梟,Archéduc,Silvarro,Decidueye,Decidueye,Decidueye,ジュナイパー
725,냐오불,火斑喵,Flamiaou,Flamiau,Litten,Litten,Litten,ニャビー
726,냐오히트,炎熱喵,Matoufeu,Miezunder,Torracat,Torracat,Torracat,ニャヒート
727,어흥염,熾焰咆哮虎,Félinferno,Fuegro,Incineroar,Incineroar,Incineroar,ガオガエン
728,누리공,球球海獅,Otaquin,Robball,Popplio,Popplio,Popplio,アシマリ
729,키요공,花漾海獅,Otarlette,Marikeck,Brionne,Brionne,Brionne,オシャマリ
730,누리레느,西獅海壬,Oratoria,Primarene,Primarina,Primarina,Primarina,アシレーヌ
731,콕코구리,小篤兒,Picassaut,Peppeck,Pikipek,Pikipek,Pikipek,ツツケラ
732,크라파,喇叭啄鳥,Piclairon,Trompeck,Trumbeak,Trumbeak,Trumbeak,ケララッパ
733,왕큰부리,銃嘴大鳥,Bazoucan,Tukanon,Toucannon,Toucannon,Toucannon,ドデカバシ
734,영구스,貓鼬少,Manglouton,Mangunior,Yungoos,Yungoos,Yungoos,ヤングース
735,형사구스,貓鼬探長,Argouste,Manguspektor,Gumshoos,Gumshoos,Gumshoos,デカグース
736,턱지충이,強顎雞母蟲,Larvibule,Mabula,Grubbin,Grubbin,Grubbin,アゴジムシ
737,전지충이,蟲電寶,Chrysapile,Akkup,Charjabug,Charjabug,Charjabug,デンヂムシ
738,투구뿌논,鍬農炮蟲,Lucanon,Donarion,Vikavolt,Vikavolt,Vikavolt,クワガノン
739,오기지게,好勝蟹,Crabagarre,Krabbox,Crabrawler,Crabrawler,Crabrawler,マケンカニ
740,모단단게,好勝毛蟹,Crabominable,Krawell,Crabominable,Crabominable,Crabominable,ケケンカニ
741,춤추새,花舞鳥,Plumeline,Choreogel,Oricorio,Oricorio,Oricorio,オドリドリ
742,에블리,萌虻,Bombydou,Wommel,Cutiefly,Cutiefly,Cutiefly,アブリー
743,에리본,蝶結萌虻,Rubombelle,Bandelby,Ribombee,Ribombee,Ribombee,アブリボン
744,암멍이,岩狗狗,Rocabot,Wuffels,Rockruff,Rockruff,Rockruff,イワンコ
745,루가루암,鬃岩狼人,Lougaroc,Wolwerock,Lycanroc,Lycanroc,Lycanroc,ルガルガン
746,약어리,弱丁魚,Froussardine,Lusardin,Wishiwashi,Wishiwashi,Wishiwashi,ヨワシ
747,시마사리,好壞星,Vorastérie,Garstella,Mareanie,Mareanie,Mareanie,ヒドイデ
748,더시마사리,超壞星,Prédastérie,Aggrostella,Toxapex,Toxapex,Toxapex,ドヒドイデ
749,머드나기,泥驢仔,Tiboudet,Pampuli,Mudbray,Mudbray,Mudbray,ドロバンコ
750,만마드,重泥挽馬,Bourrinos,Pampross,Mudsdale,Mudsdale,Mudsdale,バンバドロ
751,물거미,滴蛛,Araqua,Araqua,Dewpider,Dewpider,Dewpider,シズクモ
752,깨비물거미,滴蛛霸,Tarenbulle,Aranestro,Araquanid,Araquanid,Araquanid,オニシズクモ
753,짜랑랑,偽螳草,Mimantis,Imantis,Fomantis,Fomantis,Fomantis,カリキリ
754,라란티스,蘭螳花,Floramantis,Mantidea,Lurantis,Lurantis,Lurantis,ラランテス
755,자마슈,睡睡菇,Spododo,Bubungus,Morelull,Morelull,Morelull,ネマシュ
756,마셰이드,燈罩夜菇,Lampignon,Lamellux,Shiinotic,Shiinotic,Shiinotic,マシェード
757,야도뇽,夜盜火蜥,Tritox,Molunk,Salandit,Salandit,Salandit,ヤトウモリ
758,염뉴트,焰后蜥,Malamandre,Amfira,Salazzle,Salazzle,Salazzle,エンニュート
759,포곰곰,童偶熊,Nounourson,Velursi,Stufful,Stufful,Stufful,ヌイコグマ
760,이븐곰,穿著熊,Chelours,Kosturso,Bewear,Bewear,Bewear,キテルグマ
761,달콤아,甜竹竹,Croquine,Frubberl,Bounsweet,Bounsweet,Bounsweet,アマカジ
762,달무리나,甜舞妮,Candine,Frubaila,Steenee,Steenee,Steenee,アママイコ
763,달코퀸,甜冷美后,Sucreine,Fruyal,Tsareena,Tsareena,Tsareena,アマージョ
764,큐아링,花療環環,Guérilande,Curelei,Comfey,Comfey,Comfey,キュワワー
765,하랑우탄,智揮猩,Gouroutan,Kommandutan,Oranguru,Oranguru,Oranguru,ヤレユータン
766,내던숭이,投擲猴,Quartermac,Quartermak,Passimian,Passimian,Passimian,ナゲツケサル
767,꼬시레,膽小蟲,Sovkipou,Reißlaus,Wimpod,Wimpod,Wimpod,コソクムシ
768,갑주무사,具甲武者,Sarmuraï,Tectass,Golisopod,Golisopod,Golisopod,グソクムシャ
769,모래꿍,沙丘娃,Bacabouh,Sankabuh,Sandygast,Sandygast,Sandygast,スナバァ
770,모래성이당,噬沙堡爺,Trépassable,Colossand,Palossand,Palossand,Palossand,シロデスナ
771,해무기,拳海參,Concombaffe,Gufa,Pyukumuku,Pyukumuku,Pyukumuku,ナマコブシ
772,타입:널,屬性：空,Type:0,Typ:Null,Código Cero,Tipo Zero,Type: Null,タイプ：ヌル
773,실버디,銀伴戰獸,Silvallié,Amigento,Silvally,Silvally,Silvally,シルヴァディ
774,메테노,小隕星,Météno,Meteno,Minior,Minior,Minior,メテノ
775,자말라,樹枕尾熊,Dodoala,Koalelu,Komala,Komala,Komala,ネッコアラ
776,폭거북스,爆焰龜獸,Boumata,Tortunator,Turtonator,Turtonator,Turtonator,バクガメス
777,토게데마루,托戈德瑪爾,Togedemaru,Togedemaru,Togedemaru,Togedemaru,Togedemaru,トゲデマル
778,따라큐,謎擬Ｑ,Mimiqui,Mimigma,Mimikyu,Mimikyu,Mimikyu,ミミッキュ
779,치갈기,磨牙彩皮魚,Denticrisse,Knirfish,Bruxish,Bruxish,Bruxish,ハギギシリ
780,할비롱,老翁龍,Draïeul,Sen-Long,Drampa,Drampa,Drampa,ジジーロン
781,타타륜,破破舵輪,Sinistrail,Moruda,Dhelmise,Dhelmise,Dhelmise,ダダリン
782,짜랑꼬,心鱗寶,Bébécaille,Miniras,Jangmo-o,Jangmo-o,Jangmo-o,ジャラコ
783,짜랑고우,鱗甲龍,Écaïd,Mediras,Hakamo-o,Hakamo-o,Hakamo-o,ジャランゴ
784,짜랑고우거,杖尾鱗甲龍,Ékaïser,Grandiras,Kommo-o,Kommo-o,Kommo-o,ジャラランガ
785,카푸꼬꼬꼭,卡璞・鳴鳴,Tokorico,Kapu-Riki,Tapu Koko,Tapu Koko,Tapu Koko,カプ・コケコ
786,카푸나비나,卡璞・蝶蝶,Tokopiyon,Kapu-Fala,Tapu Lele,Tapu Lele,Tapu Lele,カプ・テテフ
787,카푸브루루,卡璞・哞哞,Tokotoro,Kapu-Toro,Tapu Bulu,Tapu Bulu,Tapu Bulu,カプ・ブルル
788,카푸느지느,卡璞・鰭鰭,Tokopisco,Kapu-Kime,Tapu Fini,Tapu Fini,Tapu Fini,カプ・レヒレ
789,코스모그,科斯莫古,Cosmog,Cosmog,Cosmog,Cosmog,Cosmog,コスモッグ
790,코스모움,科斯莫姆,Cosmovum,Cosmovum,Cosmoem,Cosmoem,Cosmoem,コスモウム
791,솔가레오,索爾迦雷歐,Solgaleo,Solgaleo,Solgaleo,Solgaleo,Solgaleo,ソルガレオ
792,루나아라,露奈雅拉,Lunala,Lunala,Lunala,Lunala,Lunala,ルナアーラ
793,텅비드,虛吾伊德,Zéroïd,Anego,Nihilego,Nihilego,Nihilego,ウツロイド
794,매시붕,爆肌蚊,Mouscoto,Masskito,Buzzwole,Buzzwole,Buzzwole,マッシブーン
795,페로코체,費洛美螂,Cancrelove,Schabelle,Pheromosa,Pheromosa,Pheromosa,フェローチェ
796,전수목,電束木,Câblifère,Voltriant,Xurkitree,Xurkitree,Xurkitree,デンジュモク
797,철화구야,鐵火輝夜,Bamboiselle,Kaguron,Celesteela,Celesteela,Celesteela,テッカグヤ
798,종이신도,紙御劍,Katagami,Katagami,Kartana,Kartana,Kartana,カミツルギ
799,악식킹,惡食大王,Engloutyran,Schlingking,Guzzlord,Guzzlord,Guzzlord,アクジキング
800,네크로즈마,奈克洛茲瑪,Necrozma,Necrozma,Necrozma,Necrozma,Necrozma,ネクロズマ
801,마기아나,瑪機雅娜,Magearna,Magearna,Magearna,Magearna,Magearna,マギアナ
802,마샤도,瑪夏多,Marshadow,Marshadow,Marshadow,Marshadow,Marshadow,マーシャドー
803,베베놈,毒貝比,Vémini,Venicro,Poipole,Poipole,Poipole,ベベノム
804,아고용,四顎針龍,Mandrillon,Agoyon,Naganadel,Naganadel,Naganadel,アーゴヨン
805,차곡차곡,壘磊石,Ama-Ama,Muramura,Stakataka,Stakataka,Stakataka,ツンデツンデ
806,두파팡,砰頭小丑,Pierroteknik,Kopplosio,Blacephalon,Blacephalon,Blacephalon,ズガドーン
807,제라오라,捷拉奧拉,Zeraora,Zeraora,Zeraora,Zeraora,Zeraora,ゼラオラ
808,멜탄,美錄坦,Meltan,Meltan,Meltan,Meltan,Meltan,メルタン
809,멜메탈,美錄梅塔,Melmetal,Melmetal,Melmetal,Melmetal,Melmetal,メルメタル
810,흥나숭,敲音猴,Ouistempo,Chimpep,Grookey,Grookey,Grookey,サルノリ
811,채키몽,啪咚猴,Badabouin,Chimstix,Thwackey,Thwackey,Thwackey,バチンキー
812,고릴타,轟擂金剛猩,Gorythmic,Gortrom,Rillaboom,Rillaboom,Rillaboom,ゴリランダー
813,염버니,炎兔兒,Flambino,Hopplo,Scorbunny,Scorbunny,Scorbunny,ヒバニー
814,래비풋,騰蹴小將,Lapyro,Kickerlo,Raboot,Raboot,Raboot,ラビフット
815,에이스번,閃焰王牌,Pyrobut,Liberlo,Cinderace,Cinderace,Cinderace,エースバーン
816,울머기,淚眼蜥,Larméléon,Memmeon,Sobble,Sobble,Sobble,メッソン
817,누겔레온,變澀蜥,Arrozard,Phlegleon,Drizzile,Drizzile,Drizzile,ジメレオン
818,인텔리레온,千面避役,Lézargus,Intelleon,Inteleon,Inteleon,Inteleon,インテレオン
819,탐리스,貪心栗鼠,Rongourmand,Raffel,Skwovet,Skwovet,Skwovet,ホシガリス
820,요씽리스,藏飽栗鼠,Rongrigou,Schlaraffel,Greedent,Greedent,Greedent,ヨクバリス
821,파라꼬,稚山雀,Minisange,Meikro,Rookidee,Rookidee,Rookidee,ココガラ
822,파크로우,藍鴉,Bleuseille,Kranoviz,Corvisquire,Corvisquire,Corvisquire,アオガラス
823,아머까오,鋼鎧鴉,Corvaillus,Krarmor,Corviknight,Corviknight,Corviknight,アーマーガア
824,두루지벌레,索偵蟲,Larvadar,Sensect,Blipbug,Blipbug,Blipbug,サッチムシ
825,레돔벌레,天罩蟲,Coléodôme,Keradar,Dottler,Dottler,Dottler,レドームシ
826,이올브,以歐路普,Astronelle,Maritellit,Orbeetle,Orbeetle,Orbeetle,イオルブ
827,훔처우,偷兒狐,Goupilou,Kleptifux,Nickit,Nickit,Nickit,クスネ
828,폭슬라이,狐大盜,Roublenard,Gaunux,Thievul,Thievul,Thievul,フォクスライ
829,꼬모카,幼棉棉,Tournicoton,Cottini,Gossifleur,Gossifleur,Gossifleur,ヒメンカ
830,백솜모카,白蓬蓬,Blancoton,Cottomi,Eldegoss,Eldegoss,Eldegoss,ワタシラガ
831,우르,毛辮羊,Moumouton,Wolly,Wooloo,Wooloo,Wooloo,ウールー
832,배우르,毛毛角羊,Moumouflon,Zwollock,Dubwool,Dubwool,Dubwool,バイウールー
833,깨물부기,咬咬龜,Khélocrok,Kamehaps,Chewtle,Chewtle,Chewtle,カムカメ
834,갈가부기,暴噬龜,Torgamord,Kamalm,Drednaw,Drednaw,Drednaw,カジリガメ
835,멍파치,來電汪,Voltoutou,Voldi,Yamper,Yamper,Yamper,ワンパチ
836,펄스멍,逐電犬,Fulgudog,Bellektro,Boltund,Boltund,Boltund,パルスワン
837,탄동,小炭仔,Charbi,Klonkett,Rolycoly,Rolycoly,Rolycoly,タンドン
838,탄차곤,大炭車,Wagomine,Wagong,Carkol,Carkol,Carkol,トロッゴン
839,석탄산,巨炭山,Monthracite,Montecarbo,Coalossal,Coalossal,Coalossal,セキタンザン
840,과사삭벌레,啃果蟲,Verpom,Knapfel,Applin,Applin,Applin,カジッチュ
841,애프룡,蘋裹龍,Pomdrapi,Drapfel,Flapple,Flapple,Flapple,アップリュー
842,단지래플,豐蜜龍,Dratatin,Schlapfel,Appletun,Appletun,Appletun,タルップル
843,모래뱀,沙包蛇,Dunaja,Salanga,Silicobra,Silicobra,Silicobra,スナヘビ
844,사다이사,沙螺蟒,Dunaconda,Sanaconda,Sandaconda,Sandaconda,Sandaconda,サダイジャ
845,윽우지,古月鳥,Nigosier,Urgl,Cramorant,Cramorant,Cramorant,ウッウ
846,찌로꼬치,刺梭魚,Embrochet,Pikuda,Arrokuda,Arrokuda,Arrokuda,サシカマス
847,꼬치조,戽斗尖梭,Hastacuda,Barrakiefa,Barraskewda,Barraskewda,Barraskewda,カマスジョー
848,일레즌,毒電嬰,Toxizap,Toxel,Toxel,Toxel,Toxel,エレズン
849,스트린더,顫弦蠑螈,Salarsen,Riffex,Toxtricity,Toxtricity,Toxtricity,ストリンダー
850,태우지네,燒火蚣,Grillepattes,Thermopod,Sizzlipede,Sizzlipede,Sizzlipede,ヤクデ
851,다태우지네,焚焰蚣,Scolocendre,Infernopod,Centiskorch,Centiskorch,Centiskorch,マルヤクデ
852,때때무노,拳拳蛸,Poulpaf,Klopptopus,Clobbopus,Clobbopus,Clobbopus,タタッコ
853,케오퍼스,八爪武師,Krakos,Kaocto,Grapploct,Grapploct,Grapploct,オトスパス
854,데인차,來悲茶,Théffroi,Fatalitee,Sinistea,Sinistea,Sinistea,ヤバチャ
855,포트데스,怖思壺,Polthégeist,Mortipot,Polteageist,Polteageist,Polteageist,ポットデス
856,몸지브림,迷布莉姆,Bibichut,Brimova,Hatenna,Hatenna,Hatenna,ミブリム
857,손지브림,提布莉姆,Chapotus,Brimano,Hattrem,Hattrem,Hattrem,テブリム
858,브리무음,布莉姆溫,Sorcilence,Silembrim,Hatterene,Hatterene,Hatterene,ブリムオン
859,메롱꿍,搗蛋小妖,Grimalin,Bähmon,Impidimp,Impidimp,Impidimp,ベロバー
860,쏘겨모,詐唬魔,Fourbelin,Pelzebub,Morgrem,Morgrem,Morgrem,ギモー
861,오롱털,長毛巨魔,Angoliath,Olangaar,Grimmsnarl,Grimmsnarl,Grimmsnarl,オーロンゲ
862,가로막구리,堵攔熊,Ixon,Barrikadax,Obstagoon,Obstagoon,Obstagoon,タチフサグマ
863,나이킹,喵頭目,Berserkatt,Mauzinger,Perrserker,Perrserker,Perrserker,ニャイキング
864,산호르곤,魔靈珊瑚,Corayôme,Gorgasonn,Cursola,Cursola,Cursola,サニゴーン
865,창파나이트,蔥遊兵,Palarticho,Lauchzelot,Sirfetch’d,Sirfetch’d,Sirfetch’d,ネギガナイト
866,마임꽁꽁,踏冰人偶,M. Glaquette,Pantifrost,Mr. Rime,Mr. Rime,Mr. Rime,バリコオル
867,데스판,死神板,Tutétékri,Oghnatoll,Runerigus,Runerigus,Runerigus,デスバーン
868,마빌크,小仙奶,Crèmy,Hokumil,Milcery,Milcery,Milcery,マホミル
869,마휘핑,霜奶仙,Charmilly,Pokusan,Alcremie,Alcremie,Alcremie,マホイップ
870,대여르,列陣兵,Hexadron,Legios,Falinks,Falinks,Falinks,タイレーツ
871,찌르성게,啪嚓海膽,Wattapik,Britzigel,Pincurchin,Pincurchin,Pincurchin,バチンウニ
872,누니머기,雪吞蟲,Frissonille,Snomnom,Snom,Snom,Snom,ユキハミ
873,모스노우,雪絨蛾,Beldeneige,Mottineva,Frosmoth,Frosmoth,Frosmoth,モスノウ
874,돌헨진,巨石丁,Dolman,Humanolith,Stonjourner,Stonjourner,Stonjourner,イシヘンジン
875,빙큐보,冰砌鵝,Bekaglaçon,Kubuin,Eiscue,Eiscue,Eiscue,コオリッポ
876,에써르,愛管侍,Wimessir,Servol,Indeedee,Indeedee,Indeedee,イエッサン
877,모르페코,莫魯貝可,Morpeko,Morpeko,Morpeko,Morpeko,Morpeko,モルペコ
878,끼리동,銅象,Charibari,Kupfanti,Cufant,Cufant,Cufant,ゾウドウ
879,대왕끼리동,大王銅象,Pachyradjah,Patinaraja,Copperajah,Copperajah,Copperajah,ダイオウドウ
880,파치래곤,雷鳥龍,Galvagon,Lectragon,Dracozolt,Dracozolt,Dracozolt,パッチラゴン
881,파치르돈,雷鳥海獸,Galvagla,Lecryodon,Arctozolt,Arctozolt,Arctozolt,パッチルドン
882,어래곤,鰓魚龍,Hydragon,Pescragon,Dracovish,Dracovish,Dracovish,ウオノラゴン
883,어치르돈,鰓魚海獸,Hydragla,Pescryodon,Arctovish,Arctovish,Arctovish,ウオチルドン
884,두랄루돈,鋁鋼龍,Duralugon,Duraludon,Duraludon,Duraludon,Duraludon,ジュラルドン
885,드라꼰,多龍梅西亞,Fantyrm,Grolldra,Dreepy,Dreepy,Dreepy,ドラメシヤ
886,드래런치,多龍奇,Dispareptil,Phandra,Drakloak,Drakloak,Drakloak,ドロンチ
887,드래펄트,多龍巴魯托,Lanssorien,Katapuldra,Dragapult,Dragapult,Dragapult,ドラパルト
888,자시안,蒼響,Zacian,Zacian,Zacian,Zacian,Zacian,ザシアン
889,자마젠타,藏瑪然特,Zamazenta,Zamazenta,Zamazenta,Zamazenta,Zamazenta,ザマゼンタ
890,무한다이노,無極汰那,Éthernatos,Endynalos,Eternatus,Eternatus,Eternatus,ムゲンダイナ
891,치고마,熊徒弟,Wushours,Dakuma,Kubfu,Kubfu,Kubfu,ダクマ
892,우라오스,武道熊師,Shifours,Wulaosu,Urshifu,Urshifu,Urshifu,ウーラオス
893,자루도,薩戮德,Zarude,Zarude,Zarude,Zarude,Zarude,ザルード
894,레지에레키,雷吉艾勒奇,Regieleki,Regieleki,Regieleki,Regieleki,Regieleki,レジエレキ
895,레지드래고,雷吉鐸拉戈,Regidrago,Regidrago,Regidrago,Regidrago,Regidrago,レジドラゴ
896,블리자포스,雪暴馬,Blizzeval,Polaross,Glastrier,Glastrier,Glastrier,ブリザポス
897,레이스포스,靈幽馬,Spectreval,Phantoross,Spectrier,Spectrier,Spectrier,レイスポス
898,버드렉스,蕾冠王,Sylveroy,Coronospa,Calyrex,Calyrex,Calyrex,バドレックス
899,신비록,詭角鹿,Cerbyllin,Damythir,Wyrdeer,Wyrdeer,Wyrdeer,アヤシシ
900,사마자르,劈斧螳螂,Hachécateur,Axantor,Kleavor,Kleavor,Kleavor,バサギリ
901,다투곰,月月熊,Ursaking,Ursaluna,Ursaluna,Ursaluna,Ursaluna,ガチグマ
902,대쓰여너,幽尾玄魚,Paragruel,Salmagnis,Basculegion,Basculegion,Basculegion,イダイトウ
903,포푸니크,大狃拉,Farfurex,Snieboss,Sneasler,Sneasler,Sneasler,オオニューラ
904,장침바루,萬針魚,Qwilpik,Myriador,Overqwil,Overqwil,Overqwil,ハリーマン
905,러브로스,眷戀雲,Amovénus,Cupidos,Enamorus,Enamorus,Enamorus,ラブトロス
906,나오하,新葉喵,Poussacha,Felori,Sprigatito,Sprigatito,Sprigatito,ニャオハ
907,나로테,蒂蕾喵,Matourgeon,Feliospa,Floragato,Floragato,Floragato,ニャローテ
908,마스카나,魔幻假面喵,Miascarade,Maskagato,Meowscarada,Meowscarada,Meowscarada,マスカーニャ
909,뜨아거,呆火鱷,Chochodile,Krokel,Fuecoco,Fuecoco,Fuecoco,ホゲータ
910,악뜨거,炙燙鱷,Crocogril,Lokroko,Crocalor,Crocalor,Crocalor,アチゲータ
911,라우드본,骨紋巨聲鱷,Flâmigator,Skelokrok,Skeledirge,Skeledirge,Skeledirge,ラウドボーン
912,꾸왁스,潤水鴨,Coiffeton,Kwaks,Quaxly,Quaxly,Quaxly,クワッス
913,아꾸왁,湧躍鴨,Canarbello,Fuentente,Quaxwell,Quaxwell,Quaxwell,ウェルカモ
914,웨이니발,狂歡浪舞鴨,Palmaval,Bailonda,Quaquaval,Quaquaval,Quaquaval,ウェーニバル
915,맛보돈,愛吃豚,Gourmelet,Ferkuli,Lechonk,Lechonk,Lechonk,グルトン
916,퍼퓨돈,飄香豚,Fragroin,Fragrunz,Oinkologne,Oinkologne,Oinkologne,パフュートン
917,타랜툴라,團珠蛛,Tissenboule,Tarundel,Tarountula,Tarountula,Tarountula,タマンチュラ
918,트래피더,操陷蛛,Filentrappe,Spinsidias,Spidops,Spidops,Spidops,ワナイダー
919,콩알뚜기,豆蟋蟀,Lilliterelle,Micrick,Nymble,Nymble,Nymble,マメバッタ
920,엑스레그,烈腿蝗,Gambex,Lextremo,Lokix,Lokix,Lokix,エクスレッグ
921,빠모,布撥,Pohm,Pamo,Pawmi,Pawmi,Pawmi,パモ
922,빠모트,布土撥,Pohmotte,Pamamo,Pawmo,Pawmo,Pawmo,パモット
923,빠르모트,巴布土撥,Pohmarmotte,Pamomamo,Pawmot,Pawmot,Pawmot,パーモット
924,두리쥐,一對鼠,Compagnol,Zwieps,Tandemaus,Tandemaus,Tandemaus,ワッカネズミ
925,파밀리쥐,一家鼠,Famignol,Famieps,Maushold,Maushold,Maushold,イッカネズミ
926,쫀도기,狗仔包,Pâtachiot,Hefel,Fidough,Fidough,Fidough,パピモッチ
927,바우첼,麻花犬,Briochien,Backel,Dachsbun,Dachsbun,Dachsbun,バウッツェル
928,미니브,迷你芙,Olivini,Olini,Smoliv,Smoliv,Smoliv,ミニーブ
929,올리뇨,奧利紐,Olivado,Olivinio,Dolliv,Dolliv,Dolliv,オリーニョ
930,올리르바,奧利瓦,Arboliva,Olithena,Arboliva,Arboliva,Arboliva,オリーヴァ
931,시비꼬,怒鸚哥,Tapatoès,Krawalloro,Squawkabilly,Squawkabilly,Squawkabilly,イキリンコ
932,베베솔트,鹽石寶,Selutin,Geosali,Nacli,Nacli,Nacli,コジオ
933,스태솔트,鹽石壘,Amassel,Sedisal,Naclstack,Naclstack,Naclstack,ジオヅム
934,콜로솔트,鹽石巨靈,Gigansel,Saltigant,Garganacl,Garganacl,Garganacl,キョジオーン
935,카르본,炭小侍,Charbambin,Knarbon,Charcadet,Charcadet,Charcadet,カルボウ
936,카디나르마,紅蓮鎧騎,Carmadura,Crimanzo,Armarouge,Armarouge,Armarouge,グレンアルマ
937,파라블레이즈,蒼炎刃鬼,Malvalame,Azugladis,Ceruledge,Ceruledge,Ceruledge,ソウブレイズ
938,빈나두,光蚪仔,Têtampoule,Blipp,Tadbulb,Tadbulb,Tadbulb,ズピカ
939,찌리배리,電肚蛙,Ampibidou,Wampitz,Bellibolt,Bellibolt,Bellibolt,ハラバリー
940,찌리비,電海燕,Zapétrel,Voltrel,Wattrel,Wattrel,Wattrel,カイデン
941,찌리비크,大電海燕,Fulgulairo,Voltrean,Kilowattrel,Kilowattrel,Kilowattrel,タイカイデン
942,오라티프,偶叫獒,Grondogue,Mobtiff,Maschiff,Maschiff,Maschiff,オラチフ
943,마피티프,獒教父,Dogrino,Mastifioso,Mabosstiff,Mabosstiff,Mabosstiff,マフィティフ
944,땃쭈르,滋汁鼴,Gribouraigne,Sproxi,Shroodle,Shroodle,Shroodle,シルシュルー
945,태깅구르,塗標客,Tag-Tag,Affiti,Grafaiai,Grafaiai,Grafaiai,タギングル
946,그푸리,納噬草,Virovent,Weherba,Bramblin,Bramblin,Bramblin,アノクサ
947,공푸리,怖納噬草,Virevorreur,Horrerba,Brambleghast,Brambleghast,Brambleghast,アノホラグサ
948,들눈해,原野水母,Terracool,Tentagra,Toedscool,Toedscool,Toedscool,ノノクラゲ
949,육파리,陸地水母,Terracruel,Tenterra,Toedscruel,Toedscruel,Toedscruel,リククラゲ
950,절벼게,毛崖蟹,Craparoi,Klibbe,Klawf,Klawf,Klawf,ガケガニ
951,캡싸이,熱辣娃,Pimito,Chilingel,Capsakid,Capsakid,Capsakid,カプサイジ
952,스코빌런,狠辣椒,Scovilain,Halupenjo,Scovillain,Scovillain,Scovillain,スコヴィラン
953,구르데,蟲滾泥,Léboulérou,Relluk,Rellor,Rellor,Rellor,シガロコ
954,베라카스,蟲甲聖,Bérasca,Skarabaks,Rabsca,Rabsca,Rabsca,ベラカス
955,하느라기,飄飄雛,Flotillon,Flattutu,Flittle,Flittle,Flittle,ヒラヒナ
956,클레스퍼트라,超能艷鴕,Cléopsytra,Psiopatra,Espathra,Espathra,Espathra,クエスパトラ
957,어리짱,小鍛匠,Forgerette,Forgita,Tinkatink,Tinkatink,Tinkatink,カヌチャン
958,벼리짱,巧鍛匠,Forgella,Tafforgita,Tinkatuff,Tinkatuff,Tinkatuff,ナカヌチャン
959,두드리짱,巨鍛匠,Forgelina,Granforgita,Tinkaton,Tinkaton,Tinkaton,デカヌチャン
960,바다그다,海地鼠,Taupikeau,Schligda,Wiglett,Wiglett,Wiglett,ウミディグダ
961,바닥트리오,三海地鼠,Triopikeau,Schligdri,Wugtrio,Wugtrio,Wugtrio,ウミトリオ
962,떨구새,下石鳥,Lestombaile,Adebom,Bombirdier,Bombirdier,Bombirdier,オトシドリ
963,맨돌핀,波普海豚,Dofin,Normifin,Finizen,Finizen,Finizen,ナミイルカ
964,돌핀맨,海豚俠,Superdofin,Delfinator,Palafin,Palafin,Palafin,イルカマン
965,부르롱,噗隆隆,Vrombi,Knattox,Varoom,Varoom,Varoom,ブロロン
966,부르르룸,普隆隆姆,Vrombotor,Knattatox,Revavroom,Revavroom,Revavroom,ブロロローム
967,모토마,摩托蜥,Motorizard,Mopex,Cyclizar,Cyclizar,Cyclizar,モトトカゲ
968,꿈트렁,拖拖蚓,Ferdeter,Schlurm,Orthworm,Orthworm,Orthworm,ミミズズ
969,초롱순,晶光芽,Germéclat,Lumispross,Glimmet,Glimmet,Glimmet,キラーメ
970,킬라플로르,晶光花,Floréclat,Lumiflora,Glimmora,Glimmora,Glimmora,キラフロル
971,망망이,墓仔狗,Toutombe,Gruff,Greavard,Greavard,Greavard,ボチ
972,묘두기,墓揚犬,Tomberro,Friedwuff,Houndstone,Houndstone,Houndstone,ハカドッグ
973,꼬이밍고,纏紅鶴,Flamenroule,Flaminkno,Flamigo,Flamigo,Flamigo,カラミンゴ
974,터벅고래,走鯨,Piétacé,Flaniwal,Cetoddle,Cetoddle,Cetoddle,アルクジラ
975,우락고래,浩大鯨,Balbalèze,Kolowal,Cetitan,Cetitan,Cetitan,ハルクジラ
976,가비루사,輕身鱈,Délestin,Agiluza,Veluza,Veluza,Veluza,ミガルーサ
977,어써러셔,吃吼霸,Oyacata,Heerashai,Dondozo,Dondozo,Dondozo,ヘイラッシャ
978,싸리용,米立龍,Nigirigon,Nigiragi,Tatsugiri,Tatsugiri,Tatsugiri,シャリタツ
979,저승갓숭,棄世猴,Courrousinge,Epitaff,Annihilape,Annihilape,Annihilape,コノヨザル
980,토오,土王,Terraiste,Suelord,Clodsire,Clodsire,Clodsire,ドオー
981,키키링,奇麒麟,Farigiraf,Farigiraf,Farigiraf,Farigiraf,Farigiraf,リキキリン
982,노고고치,土龍節節,Deusolourdo,Dummimisel,Dudunsparce,Dudunsparce,Dudunsparce,ノココッチ
983,대도각참,仆刀將軍,Scalpereur,Gladimperio,Kingambit,Kingambit,Kingambit,ドドゲザン
984,위대한엄니,雄偉牙,Fort-Ivoire,Riesenzahn,Colmilargo,Grandizanne,Great Tusk,イダイナキバ
985,우렁찬꼬리,吼叫尾,Hurle-Queue,Brüllschweif,Colagrito,Codaurlante,Scream Tail,サケブシッポ
986,사나운버섯,猛惡菇,Fongus-Furie,Wutpilz,Furioseta,Fungofurioso,Brute Bonnet,アラブルタケ
987,날개치는머리,振翼髮,Flotte-Mèche,Flatterhaar,Melenaleteo,Crinealato,Flutter Mane,ハバタクカミ
988,땅을기는날개,爬地翅,Rampe-Ailes,Kriechflügel,Reptalada,Alirasenti,Slither Wing,チヲハウハネ
989,모래털가죽,沙鐵皮,Pelage-Sablé,Sandfell,Pelarena,Peldisabbia,Sandy Shocks,スナノケガワ
990,무쇠바퀴,鐵轍跡,Roue-de-Fer,Eisenrad,Ferrodada,Solcoferreo,Iron Treads,テツノワダチ
991,무쇠보따리,鐵包袱,Hotte-de-Fer,Eisenbündel,Ferrosaco,Saccoferreo,Iron Bundle,テツノツツミ
992,무쇠손,鐵臂膀,Paume-de-Fer,Eisenhand,Ferropalmas,Manoferrea,Iron Hands,テツノカイナ
993,무쇠머리,鐵脖頸,Têtes-de-Fer,Eisenhals,Ferrocuello,Colloferreo,Iron Jugulis,テツノコウベ
994,무쇠독나방,鐵毒蛾,Mite-de-Fer,Eisenfalter,Ferropolilla,Falenaferrea,Iron Moth,テツノドクガ
995,무쇠가시,鐵荊棘,Épine-de-Fer,Eisendorn,Ferropúas,Spineferree,Iron Thorns,テツノイバラ
996,드니차,涼脊龍,Frigodo,Frospino,Frigibax,Frigibax,Frigibax,セビエ
997,드니꽁,凍脊龍,Cryodo,Cryospino,Arctibax,Arctibax,Arctibax,セゴール
998,드닐레이브,戟脊龍,Glaivodo,Espinodon,Baxcalibur,Baxcalibur,Baxcalibur,セグレイブ
999,모으령,索財靈,Mordudor,Gierspenst,Gimmighoul,Gimmighoul,Gimmighoul,コレクレー
1000,타부자고,賽富豪,Gromago,Monetigo,Gholdengo,Gholdengo,Gholdengo,サーフゴー
1001,총지엔,古簡蝸,Chongjian,Chongjian,Wo-Chien,Wo-Chien,Wo-Chien,チオンジェン
1002,파오젠,古劍豹,Baojian,Baojian,Chien-Pao,Chien-Pao,Chien-Pao,パオジアン
1003,딩루,古鼎鹿,Dinglu,Dinglu,Ting-Lu,Ting-Lu,Ting-Lu,ディンルー
1004,위유이,古玉魚,Yuyu,Yuyu,Chi-Yu,Chi-Yu,Chi-Yu,イーユイ
1005,고동치는달,轟鳴月,Rugit-Lune,Donnersichel,Bramaluna,Lunaruggente,Roaring Moon,トドロクツキ
1006,무쇠무인,鐵武者,Garde-de-Fer,Eisenkrieger,Ferropaladín,Eroeferreo,Iron Valiant,テツノブジン
1007,코라이돈,故勒頓,Koraidon,Koraidon,Koraidon,Koraidon,Koraidon,コライドン
1008,미라이돈,密勒頓,Miraidon,Miraidon,Miraidon,Miraidon,Miraidon,ミライドン
1009,굽이치는물결,波盪水,Serpente-Eau,Windewoge,Ondulagua,Acquecrespe,Walking Wake,ウネルミナモ
1010,무쇠잎새,鐵斑葉,Vert-de-Fer,Eisenblatt,Ferroverdor,Fogliaferrea,Iron Leaves,テツノイサハ
1011,과미르,裹蜜蟲,Pomdramour,Sirapfel,Dipplin,Dipplin,Dipplin,カミッチュ
1012,차데스,斯魔茶,Poltchageist,Mortcha,Poltchageist,Poltchageist,Poltchageist,チャデス
1013,그우린차,來悲粗茶,Théffroyable,Fatalitcha,Sinistcha,Sinistcha,Sinistcha,ヤバソチャ
1014,조타구,夠讚狗,Félicanis,Boninu,Okidogi,Okidogi,Okidogi,イイネイヌ
1015,이야후,願增猿,Fortusimia,Benesaru,Munkidori,Munkidori,Munkidori,マシマシラ
1016,기로치,吉雉雞,Favianos,Beatori,Fezandipiti,Fezandipiti,Fezandipiti,キチキギス
1017,오거폰,厄鬼椪,Ogerpon,Ogerpon,Ogerpon,Ogerpon,Ogerpon,オーガポン
1018,브리두라스,鋁鋼橋龍,Pondralugon,Briduradon,Archaludon,Archaludon,Archaludon,ブリジュラス
1019,과미드라,蜜集大蛇,Pomdorochi,Hydrapfel,Hydrapple,Hydrapple,Hydrapple,カミツオロチ
1020,꿰뚫는화염,破空焰,Feu-Perçant,Keilflamme,Flamariete,Vampeaguzze,Gouging Fire,ウガツホムラ
1021,날뛰는우레,猛雷鼓,Ire-Foudre,Furienblitz,Electrofuria,Furiatonante,Raging Bolt,タケルライコ
1022,무쇠암석,铁磐岩,Roc-de-Fer,Eisenfels,Ferromole,Massoferreo,Iron Boulder,テツノイワオ
1023,무쇠감투,铁头壳,Chef-de-Fer,Eisenhaupt,Ferrotesta,Capoferreo,Iron Crown,テツノカシラ
1024,테라파고스,太樂巴戈斯,Terapagos,Terapagos,Terapagos,Terapagos,Terapagos,テラパゴス
1025,복숭악동,桃歹郎,Pêchaminus,Infamomo,Pecharunt,Pecharunt,Pecharunt,モモワロウ