index,debut,pid,src,group
0,2018/03/25,pm1,,Bulbasaur
1,2019/10/17,pm1.fFALL_2019,,Bulbasaur_f19
2,2020/02/25,pm1.cJAN_2020_NOEVOLVE,,Bulbasaur_11
3,2020/07/25,pm1.cSPRING_2020_NOEVOLVE,,Bulbasaur_14
4,2018/03/25,pm2,,Bulbasaur
5,2018/03/25,pm3,https://www.serebii.net/pokemongo/pokemon/shiny/003.png,Bulbasaur
6,2018/03/25,pm3.fMEGA,https://archives.bulbagarden.net/media/upload/6/66/GO0003M_s.png,Bulbasaur
7,2018/05/19,pm4,,Charmander
8,2019/10/17,pm4.fFALL_2019,,Charmander_f19
9,2020/02/25,pm4.cJAN_2020_NOEVOLVE,,Charmander_11
10,2022/07/06,pm5.cJAN_2020_NOEVOLVE,,Charmander_11
11,2022/07/06,pm6.cJAN_2020_NOEVOLVE,,Charmander_11
12,2020/07/25,pm4.cSPRING_2020_NOEVOLVE,,Charmander_14
13,2018/05/19,pm5,,Charmander
14,2018/05/19,pm6,,Charmander
15,2018/05/19,pm6.fMEGA_X,,Charmander
16,2018/05/19,pm6.fMEGA_Y,,Charmander
17,2018/07/08,pm7,,Squirtle
18,2018/07/08,pm8,,Squirtle
19,2018/07/08,pm9,,Squirtle
20,2018/07/08,pm9.fMEGA,,Squirtle
21,2018/07/08,pm7.cSUMMER_2018,,Squirtle_05
22,2018/07/08,pm8.cSUMMER_2018,,Squirtle_05
23,2018/07/08,pm9.cSUMMER_2018,,Squirtle_05
24,2019/10/17,pm7.fFALL_2019,,Squirtle_f19
25,2020/02/25,pm7.cJAN_2020_NOEVOLVE,,Squirtle_11
26,2023/07/03,pm8.cJAN_2020_NOEVOLVE,,Squirtle_11
27,2023/07/03,pm9.cJAN_2020_NOEVOLVE,,Squirtle_11
28,2020/07/25,pm7.cSPRING_2020_NOEVOLVE,,Squirtle_14
29,2018/11/01,pm10,,Caterpie
30,2018/11/01,pm11,,Caterpie
31,2018/11/01,pm12,,Caterpie
32,2021/09/21,pm12.cFASHION_2021_NOEVOLVE,,Caterpie_2021_FASHION
33,2020/06/19,pm13,,Weedle
34,2020/06/19,pm14,,Weedle
35,2020/06/19,pm15,,Weedle
36,2020/06/19,pm15.fMEGA,,Weedle
37,2019/02/26,pm16,,Pidgey
38,2019/02/26,pm17,,Pidgey
39,2019/02/26,pm18,,Pidgey
40,2019/02/26,pm18.fMEGA,,Pidgey
41,2019/02/26,pm19,,Rattata
42,2019/02/26,pm20,,Rattata
43,2019/02/26,pm20.cJAN_2020_NOEVOLVE,,Rattata
44,2019/06/28,pm19.fALOLA,,Rattata_61
45,2019/06/28,pm20.fALOLA,,Rattata_61
46,2021/02/20,pm21,,Spearow
47,2021/02/20,pm22,,Spearow
48,2019/07/25,pm23,,Ekans
49,2019/07/25,pm24,,Ekans
50,2017/08/15,pm25,,Pikachu
51,2017/08/15,pm26,,Pikachu
52,2017/02/26,pm25.cANNIVERSARY,,Pikachu_02
53,2017/02/26,pm26.cANNIVERSARY,,Pikachu_02
54,2017/06/06,pm25.cONE_YEAR_ANNIVERSARY,,Pikachu_03
55,2019/06/06,pm26.cONE_YEAR_ANNIVERSARY,,Pikachu_03
56,2018/10/05,pm25.cFALL_2018,,Pikachu_06
57,2018/10/05,pm26.cFALL_2018,,Pikachu_06
58,2017/10/20,pm25.cHALLOWEEN_2017,,Pikachu_04
59,2017/10/20,pm26.cHALLOWEEN_2017,,Pikachu_04
60,2016/12/25,pm25.cHOLIDAY_2016,,Pikachu_01
61,2016/12/25,pm26.cHOLIDAY_2016,,Pikachu_01
62,2018/07/05,pm25.cSUMMER_2018,,Pikachu_05
63,2018/07/05,pm26.cSUMMER_2018,,Pikachu_05
64,2019/02/26,pm25.cNOVEMBER_2018,,Pikachu_07
65,2019/02/26,pm26.cNOVEMBER_2018,,Pikachu_07
66,2019/12/24,pm25.cWINTER_2018,,Pikachu_08
67,2019/12/24,pm26.cWINTER_2018,,Pikachu_08
68,2019/07/22,pm25.cMAY_2019_NOEVOLVE,,Pikachu_10
69,2019/10/17,pm25.fFALL_2019,,Pikachu_f19
70,2018/11/23,pm26.fALOLA,,Pikachu_61
71,2020/02/25,pm25.cJAN_2020_NOEVOLVE,,Pikachu_11
72,2020/03/27,pm25.cSAFARI_2020_NOEVOLVE,,Pikachu_13
73,2020/04/09,pm25.cAPRIL_2020_NOEVOLVE,,Pikachu_12
74,2020/05/01,pm25.cKANTO_2020_NOEVOLVE,,Pikachu_22
75,2020/05/08,pm25.cJOHTO_2020_NOEVOLVE,,Pikachu_23
76,2020/05/15,pm25.cHOENN_2020_NOEVOLVE,,Pikachu_24
77,2020/05/22,pm25.cSINNOH_2020_NOEVOLVE,,Pikachu_25
78,2020/05/22,pm25.fCOSTUME_2020,,Pikachu_4thY
79,2020/10/06,pm25.cCOSTUME_1,,Pikachu_27
80,2020/10/06,pm26.cCOSTUME_1,,Pikachu_27
81,2020/12/14,pm25.fADVENTURE_HAT_2020,,Pikachu_m2020
82,2020/12/22,pm25.fWINTER_2020,,Pikachu_winter2020
83,2020/12/29,pm25.cCOSTUME_2,,Pikachu_28
84,2020/12/29,pm26.cCOSTUME_2,,Pikachu_28
85,2020/12/29,pm25.fVS_2019,,Pikachu_16
86,2021/07/06,pm25.fFLYING_5TH_ANNIV,,Pikachu_5thY
87,2021/07/17,pm25.cGOFEST_2021_NOEVOLVE,,Pikachu_47
88,2021/10/15,pm25.cHALLOWEEN_2021_NOEVOLVE,,Pikachu_21Ha
89,2022/03/19,pm25.fKARIYUSHI,,Pikachu_KARIYUSHI
90,2022/05/03,pm25.fFLYING_OKINAWA,,Pikachu_FLYING_OKINAWA
91,2022/06/04,pm25.cGOFEST_2022_NOEVOLVE,,Pikachu_GOFEST_2022
92,2022/06/16,pm25.cTCG_2022_NOEVOLVE,,Pikachu_TCG
93,2022/07/06,pm25.cANNIVERSARY_2022_NOEVOLVE,,Pikachu_22an
94,2022/08/27,pm25.fGOFEST_2022,,Pikachu_22FEST
95,2022/08/27,pm25.fWCS_2022,,Pikachu_22fWCS
96,2022/10/20,pm25.fFLYING_01,,Pikachu_f01
97,2022/10/20,pm25.fTSHIRT_01,,Pikachu_t01
98,2022/11/24,pm25.fTSHIRT_02,,Pikachu_t02
99,2022/11/24,pm25.fFLYING_02,,Pikachu_f02
100,2022/12/31,pm25.cJAN_2023_NOEVOLVE,,Pikachu_j23
101,2022/12/31,pm25.cGOTOUR_2023_HAT,,Pikachu_gotour_hat
102,2022/12/31,pm25.cGOTOUR_2023_BANDANA,,Pikachu_gotour_bandana
103,2023/04/04,pm25.cSPRING_2023,,Pikachu_23s
104,2023/07/28,pm25.fJEJU,,Pikachu_23j
105,2023/08/04,pm25.fSUMMER_2023_E,,Pikachu_23sun
106,2023/08/04,pm25.fSUMMER_2023_A,,Pikachu_23sun
107,2023/08/04,pm25.fSUMMER_2023_B,,Pikachu_23sun
108,2023/08/04,pm25.fSUMMER_2023_C,,Pikachu_23sun
109,2023/08/04,pm25.fSUMMER_2023_D,,Pikachu_23sun
110,2023/04/04,pm26.cSPRING_2023,,Pikachu_23s
111,2018/12/06,pm27,,Sandshrew
112,2018/12/06,pm28,,Sandshrew
113,2019/06/28,pm27.fALOLA,,Sandshrew_61
114,2019/06/28,pm28.fALOLA,,Sandshrew_61
115,2018/10/11,pm29,,Nidoran_Female
116,2018/10/11,pm30,,Nidoran_Female
117,2018/10/11,pm31,,Nidoran_Female
118,2019/07/04,pm32,,Nidoran_Male
119,2019/07/04,pm33,,Nidoran_Male
120,2020/03/01,pm33.cJAN_2020_NOEVOLVE,,Nidoran_Male_11
121,2019/07/04,pm34,,Nidoran_Male
122,2019/02/13,pm35,,Clefairy
123,2019/02/13,pm36,,Clefairy
124,2020/10/09,pm37,,Vulpix
125,2020/10/09,pm38,,Vulpix
126,2019/06/28,pm37.fALOLA,,Vulpix_61
127,2019/06/28,pm38.fALOLA,,Vulpix_61
128,2022/10/27,pm37.cFALL_2022,,Vulpix_2022
129,2022/10/27,pm38.cFALL_2022,,Vulpix_2022
130,2019/04/16,pm39,,Jigglypuff
131,2019/04/16,pm40,,Jigglypuff
132,2019/07/25,pm41,,Zubat
133,2019/07/25,pm42,,Zubat
134,2019/10/03,pm43,,Oddish
135,2019/10/03,pm44,,Oddish
136,2019/10/03,pm45,,Oddish
137,2021/02/20,pm46,,Paras
138,2021/02/20,pm47,,Paras
139,2020/05/01,pm48,,Venonat
140,2020/05/01,pm49,,Venonat
141,2019/04/29,pm50,,Diglett
142,2019/04/29,pm51,,Diglett
143,2019/06/28,pm50.fALOLA,,Diglett_61
144,2019/06/28,pm51.fALOLA,,Diglett_61
145,2022/09/27,pm50.cFALL_2022,,Diglett_22n
146,2022/09/27,pm51.cFALL_2022,,Diglett_22n
147,2019/11/07,pm52,,Meowth
148,2019/11/07,pm53,,Meowth
149,2019/06/28,pm52.fALOLA,,Meowth_61
150,2019/06/28,pm53.fALOLA,,Meowth_61
151,2021/08/20,pm52.fGALARIAN,,Meowth_31
152,2021/08/20,pm863,,Meowth_31
153,2019/01/25,pm54,,Psyduck
154,2019/01/25,pm55,,Psyduck
155,2019/03/05,pm56,,Mankey
156,2019/03/05,pm57,,Mankey
157,2018/09/01,pm58,,Growlithe
158,2018/09/01,pm59,,Growlithe
159,2019/08/06,pm60,,Poliwag
160,2019/08/06,pm61,,Poliwag
161,2019/08/06,pm62,,Poliwag
162,2019/06/13,pm63,,Abra
163,2019/06/13,pm64,,Abra
164,2019/06/13,pm65,,Abra
165,2022/09/06,pm65.fMEGA,,Abra
166,2019/03/05,pm66,,Machop
167,2019/03/05,pm67,,Machop
168,2019/03/05,pm68,,Machop
169,2020/07/16,pm69,,Bellsprout
170,2020/07/16,pm70,,Bellsprout
171,2020/07/16,pm71,,Bellsprout
172,2019/11/19,pm72,,Tentacool
173,2019/11/19,pm73,,Tentacool
174,2018/09/13,pm74,,Geodude
175,2018/09/13,pm75,,Geodude
176,2018/09/13,pm76,,Geodude
177,2019/06/28,pm74.fALOLA,,Geodude_61
178,2019/06/28,pm75.fALOLA,,Geodude_61
179,2019/06/28,pm76.fALOLA,,Geodude_61
180,2018/11/05,pm77,,Ponyta
181,2018/11/05,pm78,,Ponyta
182,2021/05/11,pm77.fGALARIAN,,Ponyta_31
183,2021/05/11,pm78.fGALARIAN,,Ponyta_31
184,2021/07/17,pm77.fGALARIAN.cGOFEST_2021_NOEVOLVE,,Ponyta_31_47
185,2023/05/11,pm77.cSPRING_2023_VALOR,,Ponyta_23s
186,2023/05/11,pm78.cSPRING_2023_VALOR,,Ponyta_23s
187,2020/11/16,pm79,,Slowpoke
188,2020/11/16,pm80,,Slowpoke
189,2021/06/08,pm80.fMEGA,,Slowpoke
190,,pm79.f2020,,Slowpoke_2020
191,,pm80.f2021,,Slowpoke_2020
192,2023/03/18,pm79.fGALARIAN,,Slowpoke_51
193,2023/03/18,pm80.fGALARIAN,,Slowpoke_51
194,2018/11/16,pm81,,Magnemite
195,2018/11/16,pm82,,Magnemite
196,2019/09/09,pm83,,Farfetchd
197,2021/08/20,pm83.fGALARIAN,,Farfetchd_31
198,2021/08/20,pm865,,Farfetchd_31
199,2020/09/21,pm84,,Doduo
200,2020/09/21,pm85,,Doduo
201,2019/05/01,pm86,,Seel
202,2019/05/01,pm87,,Seel
203,2018/09/13,pm88,,Grimer
204,2018/09/13,pm89,,Grimer
205,2019/06/28,pm88.fALOLA,,Grimer_61
206,2019/06/28,pm89.fALOLA,,Grimer_61
207,2018/06/07,pm90,,Shellder
208,2018/06/07,pm91,,Shellder
209,2018/11/03,pm92,,Gastly
210,2018/11/03,pm93,,Gastly
211,2018/11/03,pm94,,Gastly
212,2018/11/03,pm94.fMEGA,,Gastly
213,2020/03/01,pm94.cJAN_2020_NOEVOLVE,,Gastly_11
214,2020/10/23,pm94.fCOSTUME_2020,,Gastly_26
215,2022/10/27,pm94.cFALL_2022_NOEVOLVE,,Gastly_2022
216,2019/06/04,pm95,,Onix
217,2018/10/05,pm96,,Drowzee
218,2018/10/05,pm97,,Drowzee
219,2018/10/01,pm98,,Krabby
220,2018/10/01,pm99,,Krabby
221,2020/05/08,pm100,,Voltorb
222,2020/05/08,pm101,,Voltorb
223,2020/04/08,pm102,,Exeggcute
224,2020/04/08,pm103,,Exeggcute
225,2020/04/08,pm103.fALOLA,,Exeggcute
226,2018/11/05,pm104,,Cubone
227,2018/11/05,pm105,,Cubone
228,2018/11/05,pm105.fALOLA,,Cubone
229,2021/02/20,pm106,,Tyrogue
230,2021/02/20,pm107,,Tyrogue
231,2020/02/15,pm108,,Lickitung
232,2019/07/25,pm109,,Koffing
233,2019/07/25,pm110,,Koffing
234,2021/08/20,pm110.fGALARIAN,,Koffing_31
235,2020/02/22,pm111,,Rhyhorn
236,2020/02/22,pm112,,Rhyhorn
237,2020/02/13,pm113,,Chansey
238,2021/04/04,pm113.cNOVEMBER_2018,,Chansey_07
239,2020/07/24,pm114,,Tangela
240,2019/09/09,pm115,,Kangaskhan
241,2022/04/29,pm115.fMEGA,,Kangaskhan
242,2019/06/13,pm116,,Horsea
243,2019/06/13,pm117,,Horsea
244,2020/11/23,pm118,,Goldeen
245,2020/11/23,pm119,,Goldeen
246,2020/08/07,pm120,,Staryu
247,2020/08/07,pm121,,Staryu
248,2019/09/09,pm122,,Mr_Mime
249,2022/12/01,pm122.fGALARIAN,,Mr_Mime_31
250,2019/04/02,pm123,,Scyther
251,2019/02/13,pm124,,Jynx
252,2018/11/15,pm125,,Electabuzz
253,2023/05/02,pm125.cSPRING_2023_INSTINCT,,Electabuzz_23s
254,2018/03/22,pm126,,Magmar
255,2018/11/01,pm127,,Pinsir
256,2023/05/11,pm127.fMEGA,,Pinsir
257,2019/09/09,pm128,,Tauros
258,2017/03/22,pm129,,Magikarp
259,2017/03/22,pm130,,Magikarp
260,2017/03/22,pm130.fMEGA,,Magikarp
261,2019/04/18,pm131,,Lapras
262,2022/05/12,pm131.fCOSTUME_2020,,Lapras
263,2023/04/13,pm131.cSPRING_2023_MYSTIC,,Lapras
264,2021/02/20,pm132,,Ditto
265,2018/08/11,pm133,,Eevee
266,2019/02/26,pm133.cNOVEMBER_2018,,Eevee_07
267,2022/12/31,pm133.cHOLIDAY_2022,,Eevee_2022h
268,2020/02/25,pm133.cJAN_2020_NOEVOLVE,,Eevee_11
269,2023/04/04,pm133.cSPRING_2023,,Eevee_23s
270,2018/08/11,pm134,,Eevee
271,2019/02/26,pm134.cNOVEMBER_2018,,Eevee_07
272,2022/12/31,pm134.cHOLIDAY_2022,,Eevee_2022h
273,2023/04/04,pm134.cSPRING_2023,,Eevee_23s
274,2018/08/11,pm135,,Eevee
275,2019/02/26,pm135.cNOVEMBER_2018,,Eevee_07
276,2022/12/31,pm135.cHOLIDAY_2022,,Eevee_2022h
277,2023/04/04,pm135.cSPRING_2023,,Eevee_23s
278,2018/08/11,pm136,,Eevee
279,2019/02/26,pm136.cNOVEMBER_2018,,Eevee_07
280,2022/12/31,pm136.cHOLIDAY_2022,,Eevee_2022h
281,2023/04/04,pm136.cSPRING_2023,,Eevee_23s
282,2020/09/19,pm137,,Porygon
283,2018/05/24,pm138,,Omanyte
284,2018/05/24,pm139,,Omanyte
285,2018/05/24,pm140,,Kabuto
286,2018/05/24,pm141,,Kabuto
287,2018/05/02,pm142,,Aerodactyl
288,2023/01/25,pm142.fMEGA,,Aerodactyl
289,2021/02/20,pm143,,Snorlax
290,2022/07/16,pm143.cGOFEST_2022_NOEVOLVE,,Snorlax
291,2023/07/15,pm143.cNIGHTCAP,,Snorlax
292,2018/07/07,pm144,,Articuno
293,2018/07/21,pm145,,Zapdos
294,2018/09/08,pm146,,Moltres
295,2018/02/24,pm147,,Dratini
296,2018/02/24,pm148,,Dratini
297,2018/02/24,pm149,,Dratini
298,2019/09/16,pm150,,Mewtwo
299,2021/02/20,pm151,,Mew
300,2018/09/22,pm152,,Chikorita
301,2018/09/22,pm153,,Chikorita
302,2018/09/22,pm154,,Chikorita
303,2018/11/10,pm155,,Cyndaquil
304,2018/11/10,pm156,,Cyndaquil
305,2018/11/10,pm157,,Cyndaquil
306,2019/01/12,pm158,,Totodile
307,2019/01/12,pm159,,Totodile
308,2019/01/12,pm160,,Totodile
309,2019/09/02,pm161,,Sentret
310,2019/09/02,pm162,,Sentret
311,2022/01/01,pm163,,Hoothoot
312,2022/01/01,pm163.cJAN_2022_NOEVOLVE,,Hoothoot_2022
313,2022/01/01,pm164,,Hoothoot
314,2022/12/31,pm164.cJAN_2022_NOEVOLVE,,Hoothoot_2022
315,2020/09/10,pm165,,Ledyba
316,2020/09/10,pm166,,Ledyba
317,2021/10/15,pm167,,Spinarak
318,2021/10/15,pm168,,Spinarak
319,2019/07/25,pm169,,Zubat
320,2020/04/17,pm170,,Chinchou
321,2020/04/17,pm171,,Chinchou
322,2017/08/15,pm172,,Pikachu
323,2017/02/26,pm172.cANNIVERSARY,,Pikachu_02
324,2017/06/06,pm172.cONE_YEAR_ANNIVERSARY,,Pikachu_03
325,2017/10/20,pm172.cHALLOWEEN_2017,,Pikachu_04
326,2018/07/05,pm172.cSUMMER_2018,,Pikachu_05
327,2019/12/24,pm172.cWINTER_2018,,Pikachu_08
328,2016/12/25,pm172.cHOLIDAY_2016,,Pikachu_01
329,2019/02/26,pm172.cNOVEMBER_2018,,Pikachu_07
330,2020/12/29,pm172.cCOSTUME_2,,Pikachu_28
331,2023/04/04,pm172.cSPRING_2023,,Pikachu_23s
332,2019/02/13,pm173,,Clefairy
333,2019/04/16,pm174,,Jigglypuff
334,2018/03/22,pm175,,Togepi
335,2018/03/22,pm175.cAPRIL_2020_NOEVOLVE,,Togepi
336,2018/03/22,pm176,,Togepi
337,2022/04/12,pm176.cAPRIL_2020_NOEVOLVE,,Togepi
338,2018/08/20,pm177,,Natu
339,2018/08/20,pm178,,Natu
340,2018/04/15,pm179,,Mareep
341,2018/04/15,pm180,,Mareep
342,2018/04/15,pm181,,Mareep
343,2018/04/15,pm181.fMEGA,,Mareep
344,2019/10/03,pm182,,Oddish
345,2018/12/18,pm183,,Marill
346,2018/12/18,pm184,,Marill
347,2019/08/05,pm185,,Sudowoodo
348,2019/08/06,pm186,,Poliwag
349,2022/02/12,pm187,,Hoppip
350,2022/02/12,pm188,,Hoppip
351,2022/02/12,pm189,,Hoppip
352,2019/05/07,pm190,,Aipom
353,2018/08/20,pm191,,Sunkern
354,2018/08/20,pm192,,Sunkern
355,2019/09/20,pm193,,Yanma
356,2020/12/11,pm194,,Wooper
357,2020/12/11,pm195,,Wooper
358,2018/08/11,pm196,,Eevee
359,2019/02/26,pm196.cNOVEMBER_2018,,Eevee_07
360,2022/12/31,pm196.cHOLIDAY_2022,,Eevee_2022h
361,2023/04/04,pm196.cSPRING_2023,,Eevee_23s
362,2018/08/11,pm197,,Eevee
363,2019/02/26,pm197.cNOVEMBER_2018,,Eevee_07
364,2022/12/31,pm197.cHOLIDAY_2022,,Eevee_2022h
365,2023/04/04,pm197.cSPRING_2023,,Eevee_23s
366,2018/03/31,pm198,,Murkrow
367,2020/11/16,pm199,,Slowpoke
368,2022/01/01,pm199.f2022,,Slowpoke_2020
369,2023/03/18,pm199.fGALARIAN,,Slowpoke_51
370,2018/12/01,pm200,,Misdreavus
371,2020/08/07,pm201.fUNOWN_A,,Unown
372,2022/06/04,pm201.fUNOWN_B,,Unown
373,2020/11/22,pm201.fUNOWN_C,,Unown
374,2022/08/17,pm201.fUNOWN_D,,Unown
375,2022/05/13,pm201.fUNOWN_E,,Unown
376,2021/07/17,pm201.fUNOWN_F,,Unown
377,2020/07/25,pm201.fUNOWN_G,,Unown
378,2023/02/18,pm201.fUNOWN_H,,Unown
379,2022/05/13,pm201.fUNOWN_I,,Unown
380,2022/02/26,pm201.fUNOWN_J,,Unown
381,,pm201.fUNOWN_K,,Unown
382,2020/08/07,pm201.fUNOWN_L,,Unown
383,2023/08/04,pm201.fUNOWN_M,,Unown
384,2022/08/27,pm201.fUNOWN_N,,Unown
385,2020/07/25,pm201.fUNOWN_O,,Unown
386,2022/08/27,pm201.fUNOWN_P,,Unown
387,,pm201.fUNOWN_Q,,Unown
388,2020/08/07,pm201.fUNOWN_R,,Unown
389,2022/05/13,pm201.fUNOWN_S,,Unown
390,2020/08/07,pm201.fUNOWN_T,,Unown
391,2020/08/07,pm201.fUNOWN_U,,Unown
392,2022/05/13,pm201.fUNOWN_V,,Unown
393,,pm201.fUNOWN_W,,Unown
394,2022/08/27,pm201.fUNOWN_X,,Unown
395,2022/09/24,pm201.fUNOWN_Y,,Unown
396,,pm201.fUNOWN_Z,,Unown
397,2023/08/04,pm201.fUNOWN_EXCLAMATION_POINT,,Unown
398,,pm201.fUNOWN_QUESTION_MARK,,Unown
399,2018/03/22,pm202,,Wobbuffet
400,2018/03/22,pm202.g2,,Wobbuffet
401,2018/03/22,pm202.cJAN_2020_NOEVOLVE,,Wobbuffet
402,2018/03/22,pm202.cJAN_2020_NOEVOLVE.g2,,Wobbuffet
403,2022/02/26,pm203,,Girafarig
404,2018/08/20,pm204,,Pineco
405,2018/08/20,pm205,,Pineco
406,2020/05/08,pm206,,Dunsparce
407,2019/09/02,pm207,,Gligar
408,2019/06/04,pm208,,Onix
409,2021/12/01,pm208.fMEGA,,Onix
410,2018/08/01,pm209,,Snubbull
411,2018/08/01,pm210,,Snubbull
412,2020/07/25,pm211,,Qwilfish
413,2019/04/02,pm212,,Scyther
414,2022/08/10,pm212.fMEGA,,Scyther
415,2019/04/18,pm213,,Shuckle
416,2021/08/06,pm214,,Heracross
417,2021/08/06,pm214.g2,,Heracross
418,2019/07/25,pm215,,Sneasel
419,2021/09/21,pm215.cFASHION_2021_NOEVOLVE,,Sneasel_2021_FASHION
420,2020/03/26,pm216,,Teddiursa
421,2020/03/26,pm217,,Teddiursa
422,2022/11/12,pm901,,Teddiursa
423,2021/01/07,pm218,,Slugma
424,2021/01/07,pm219,,Slugma
425,2019/02/16,pm220,,Swinub
426,2019/02/16,pm221,,Swinub
427,2022/02/26,pm222,,Corsola
428,2022/02/26,pm223,,Remoraid
429,2022/02/26,pm224,,Remoraid
430,2018/12/18,pm225,,Delibird
431,2020/12/22,pm225.fWINTER_2020,,Delibird
432,2022/02/26,pm226,,Mantine
433,2019/11/01,pm227,,Skarmory
434,2018/08/01,pm228,,Houndour
435,2018/08/01,pm229,,Houndour
436,2018/08/01,pm229.fMEGA,,Houndour
437,2019/06/13,pm230,,Horsea
438,2022/02/26,pm231,,Phanpy
439,2022/02/26,pm232,,Phanpy
440,2020/09/19,pm233,,Porygon
441,2019/12/24,pm234,,Stantler
442,2019/12/24,pm234.cWINTER_2018,,Stantler
443,2021/04/29,pm235,,Smeargle
444,2022/02/26,pm236,,Tyrogue
445,2022/02/26,pm237,,Tyrogue
446,2019/02/13,pm238,,Jynx
447,2019/02/13,pm238.cFALL_2020_NOEVOLVE,,Jynx
448,2018/11/15,pm239,,Electabuzz
449,2023/05/02,pm239.cSPRING_2023_INSTINCT,,Electabuzz_23s
450,2018/03/22,pm240,,Magmar
451,2021/01/26,pm241,,Miltank
452,2020/02/13,pm242,,Chansey
453,2021/04/04,pm242.cNOVEMBER_2018,,Chansey_07
454,2019/06/29,pm243,,Raikou
455,2019/07/14,pm244,,Entei
456,2019/08/17,pm245,,Suicune
457,2018/06/16,pm246,,Larvitar
458,2018/06/16,pm247,,Larvitar
459,2018/06/16,pm248,,Larvitar
460,2023/07/27,pm248.fMEGA,,Larvitar
461,2018/03/16,pm249,,Lugia
462,2018/05/19,pm250,,Ho_Oh
463,2020/12/14,pm251,,Celebi
464,2019/03/23,pm252,,Treecko
465,2019/03/23,pm253,,Treecko
466,2019/03/23,pm254,,Treecko
467,2022/12/02,pm254.fMEGA,,Treecko
468,2019/05/19,pm255,,Torchic
469,2019/05/19,pm256,,Torchic
470,2019/05/19,pm257,,Torchic
471,2022/12/02,pm257.fMEGA,,Torchic
472,2019/07/21,pm258,,Mudkip
473,2019/07/21,pm259,,Mudkip
474,2019/07/21,pm260,,Mudkip
475,2022/12/02,pm260.fMEGA,,Mudkip
476,2018/02/15,pm261,,Poochyena
477,2018/02/15,pm262,,Poochyena
478,2019/01/15,pm263,,Zigzagoon
479,2019/01/15,pm264,,Zigzagoon
480,2020/05/25,pm263.fGALARIAN,,Zigzagoon_31
481,2020/05/25,pm264.fGALARIAN,,Zigzagoon_31
482,2021/07/17,pm263.fGALARIAN.cGOFEST_2021_NOEVOLVE,,Zigzagoon_31_47
483,2020/01/02,pm265,,Wurmple
484,2020/01/02,pm265.cJAN_2020_NOEVOLVE,,Wurmple
485,2020/01/02,pm266,,Wurmple
486,2020/01/02,pm267,,Wurmple
487,2020/01/02,pm268,,Wurmple
488,2020/01/02,pm269,,Wurmple
489,2019/03/29,pm270,,Lotad
490,2019/03/29,pm271,,Lotad
491,2019/03/29,pm272,,Lotad
492,2020/05/23,pm273,,Seedot
493,2020/05/23,pm274,,Seedot
494,2020/05/23,pm275,,Seedot
495,2019/01/15,pm276,,Taillow
496,2019/01/15,pm277,,Taillow
497,2018/08/29,pm278,,Wingull
498,2018/08/29,pm279,,Wingull
499,2019/08/03,pm280,,Ralts
500,2019/08/03,pm281,,Ralts
501,2019/08/03,pm281.cFALL_2020_NOEVOLVE,,Ralts
502,2019/08/03,pm282,,Ralts
503,2023/02/08,pm282.fMEGA,,Ralts
504,2023/02/18,pm283,,Surskit
505,2023/02/18,pm284,,Surskit
506,2022/06/04,pm285,,Shroomish
507,2022/06/04,pm286,,Shroomish
508,2019/06/08,pm287,,Slakoth
509,2019/06/08,pm288,,Slakoth
510,2019/06/08,pm289,,Slakoth
511,2020/03/19,pm290,,Nincada
512,2020/03/19,pm291,,Nincada
513,2022/10/01,pm292,,Nincada
514,2021/07/17,pm293,,Whismur
515,2021/07/17,pm294,,Whismur
516,2021/07/17,pm295,,Whismur
517,2018/05/01,pm296,,Makuhita
518,2018/05/01,pm297,,Makuhita
519,2018/12/18,pm298,,Marill
520,2021/03/09,pm299,,Nosepass
521,2020/05/15,pm300,,Skitty
522,2020/05/15,pm301,,Skitty
523,2017/10/20,pm302,,Sableye
524,2020/10/23,pm302.fCOSTUME_2020,,Sableye
525,2023/06/29,pm302.fMEGA,,Sableye
526,2017/12/08,pm303,,Mawile
527,2018/01/23,pm304,,Aron
528,2018/01/23,pm305,,Aron
529,2018/01/23,pm306,,Aron
530,2022/09/16,pm306.fMEGA,,Aron
531,2018/05/01,pm307,,Meditite
532,2018/05/01,pm308,,Meditite
533,2023/03/08,pm308.fMEGA,,Meditite
534,2019/09/01,pm309,,Electrike
535,2019/09/01,pm310,,Electrike
536,2021/03/16,pm310.fMEGA,,Electrike
537,2018/07/14,pm311,,Plusle
538,2018/07/14,pm312,,Minun
539,2020/04/21,pm313,,Volbeat
540,2020/04/21,pm314,,Illumise
541,2018/06/30,pm315,,Roselia
542,2023/02/18,pm316,,Gulpin
543,2023/02/18,pm317,,Gulpin
544,2019/08/23,pm318,,Carvanha
545,2019/08/23,pm319,,Carvanha
546,2018/04/23,pm320,,Wailmer
547,2018/04/23,pm321,,Wailmer
548,2022/06/04,pm322,,Numel
549,2022/06/04,pm323,,Numel
550,2023/02/18,pm324,,Torkoal
551,2019/02/04,pm325,,Spoink
552,2019/02/04,pm326,,Spoink
553,,pm327,,Spinda
554,2019/11/01,pm327.f00,,Spinda
555,2020/09/01,pm327.f01,,Spinda
556,2019/09/01,pm327.f02,,Spinda
557,2020/11/01,pm327.f03,,Spinda
558,2020/06/01,pm327.f04,,Spinda
559,2020/03/01,pm327.f05,,Spinda
560,2020/01/01,pm327.f06,,Spinda
561,2019/07/01,pm327.f07,,Spinda
562,2021/02/14,pm327.f08,,Spinda
563,2019/10/11,pm328,,Trapinch
564,2019/10/11,pm329,,Trapinch
565,2019/10/11,pm330,,Trapinch
566,2023/02/18,pm331,,Cacnea
567,2023/02/18,pm332,,Cacnea
568,2018/02/09,pm333,,Swablu
569,2018/02/09,pm334,,Swablu
570,2021/05/15,pm334.fMEGA,,Swablu
571,2019/09/26,pm335,,Zangoose
572,2019/09/28,pm336,,Seviper
573,2019/03/19,pm337,,Lunatone
574,2019/03/19,pm338,,Solrock
575,2019/08/23,pm339,,Barboach
576,2019/08/23,pm340,,Barboach
577,2022/05/13,pm341,,Corphish
578,2022/05/13,pm342,,Corphish
579,2020/03/27,pm343,,Baltoy
580,2020/03/27,pm344,,Baltoy
581,2019/06/04,pm345,,Lileep
582,2019/06/04,pm346,,Lileep
583,2019/06/04,pm347,,Anorith
584,2019/06/04,pm348,,Anorith
585,2019/01/19,pm349,,Feebas
586,2019/01/19,pm350,,Feebas
587,2019/03/30,pm351,,Castform
588,2022/12/01,pm351.fSUNNY,,Castform
589,2021/03/24,pm351.fRAINY,,Castform
590,2022/12/01,pm351.fSNOWY,,Castform
591,2023/02/18,pm352,,Kecleon
592,2017/10/31,pm353,,Shuppet
593,2017/10/31,pm354,,Shuppet
594,2022/10/20,pm354.fMEGA,,Shuppet
595,2017/10/26,pm355,,Duskull
596,2017/10/26,pm356,,Duskull
597,2022/11/01,pm355.cFALL_2022_NOEVOLVE,,Duskull_f22
598,2022/11/01,pm356.cFALL_2022_NOEVOLVE,,Duskull_f22
599,2023/02/18,pm357,,Tropius
600,2021/07/17,pm358,,Chimecho
601,2017/12/08,pm359,,Absol
602,2022/09/27,pm359.cFALL_2022_NOEVOLVE,,Absol
603,2021/10/21,pm359.fMEGA,,Absol
604,2018/03/22,pm360,,Wobbuffet
605,2017/12/21,pm361,,Snorunt
606,2017/12/21,pm362,,Snorunt
607,2022/12/15,pm362.fMEGA,,Snorunt
608,2021/12/16,pm363,,Spheal
609,2021/12/16,pm364,,Spheal
610,2021/12/16,pm365,,Spheal
611,2021/12/16,pm363.cHOLIDAY_2021_NOEVOLVE,,Spheal
612,2019/02/23,pm366,,Clamperl
613,2019/02/23,pm367,,Clamperl
614,2019/02/23,pm368,,Clamperl
615,2023/02/18,pm369,,Relicanth
616,2018/02/13,pm370,,Luvdisc
617,2019/04/13,pm371,,Bagon
618,2019/04/13,pm372,,Bagon
619,2019/04/13,pm373,,Bagon
620,2023/01/10,pm373.fMEGA,,Bagon
621,2018/10/21,pm374,,Beldum
622,2018/10/21,pm375,,Beldum
623,2018/10/21,pm376,,Beldum
624,2019/11/01,pm377,,Regirock
625,2019/11/01,pm378,,Regice
626,2019/11/01,pm379,,Registeel
627,2019/02/22,pm380,,Latias
628,2022/05/03,pm380.fMEGA,,Latias
629,2019/04/15,pm381,,Latios
630,2022/05/03,pm381.fMEGA,,Latios
631,2018/06/07,pm382,,Kyogre
632,2023/02/18,pm382.fPRIMAL,,Kyogre
633,2019/01/15,pm383,,Groudon
634,2023/02/18,pm383.fPRIMAL,,Groudon
635,2019/07/31,pm384,,Rayquaza
636,2023/08/04,pm384.fMEGA,,Rayquaza
637,2023/02/18,pm385,,Jirachi
638,2020/08/07,pm386,,Deoxys
639,2022/02/19,pm386.fATTACK,,Deoxys
640,2022/02/22,pm386.fDEFENSE,,Deoxys
641,2022/02/25,pm386.fSPEED,,Deoxys
642,2019/09/14,pm387,,Turtwig
643,2021/11/16,pm387.cGEMS_1_2021_NOEVOLVE,,Turtwig_21gems
644,2021/11/16,pm387.cGEMS_2_2021_NOEVOLVE,,Turtwig_21gems
645,2019/09/14,pm388,,Turtwig
646,2019/09/14,pm389,,Turtwig
647,2019/11/15,pm390,,Chimchar
648,2021/11/16,pm390.cGEMS_1_2021_NOEVOLVE,,Chimchar_21gems
649,2021/11/16,pm390.cGEMS_2_2021_NOEVOLVE,,Chimchar_21gems
650,2019/11/15,pm391,,Chimchar
651,2019/11/15,pm392,,Chimchar
652,2020/01/18,pm393,,Piplup
653,2021/10/15,pm393.cHALLOWEEN_2021_NOEVOLVE,,Piplup_21Ha
654,2021/11/16,pm393.cGEMS_1_2021_NOEVOLVE,,Piplup_21gems
655,2021/11/16,pm393.cGEMS_2_2021_NOEVOLVE,,Piplup_21gems
656,2020/01/18,pm394,,Piplup
657,2020/01/18,pm395,,Piplup
658,2022/07/17,pm396,,Starly
659,2022/07/17,pm397,,Starly
660,2022/07/17,pm398,,Starly
661,2021/06/25,pm399,,Bidoof
662,2021/06/25,pm400,,Bidoof
663,2020/10/02,pm401,,Kricketot
664,2020/10/02,pm402,,Kricketot
665,2018/10/16,pm403,,Shinx
666,2018/10/16,pm403.cFALL_2020_NOEVOLVE,,Shinx
667,2018/10/16,pm404,,Shinx
668,2018/10/16,pm405,,Shinx
669,2018/11/06,pm406,,Roselia
670,2018/11/14,pm407,,Roselia
671,2021/07/23,pm408,,Cranidos
672,2021/07/23,pm409,,Cranidos
673,2021/07/23,pm410,,Shieldon
674,2021/07/23,pm411,,Shieldon
675,2019/12/05,pm412.fBURMY_PLANT,,Burmy
676,2019/12/05,pm412.fBURMY_SANDY,,Burmy
677,2019/12/05,pm412.fBURMY_TRASH,,Burmy
678,2019/12/05,pm413.fWORMADAM_PLANT,,Burmy
679,2019/12/05,pm413.fWORMADAM_SANDY,,Burmy
680,2019/12/05,pm413.fWORMADAM_TRASH,,Burmy
681,2019/12/05,pm414,,Burmy
682,2022/07/22,pm415,,Combee
683,2022/07/22,pm415.g2,,Combee
684,2022/07/22,pm416,,Combee
685,,pm417,,Pachirisu
686,2021/01/12,pm418,,Buizel
687,2021/01/12,pm419,,Buizel
688,2022/04/20,pm420,,Cherubi
689,2022/04/20,pm421.fOVERCAST,,Cherubi
690,2022/04/20,pm421.fSUNNY,,Cherubi
691,2023/08/27,pm422.fEAST_SEA,,Shellos
692,2023/08/27,pm422.fWEST_SEA,,Shellos
693,2023/08/27,pm423.fEAST_SEA,,Shellos
694,2023/08/27,pm423.fWEST_SEA,,Shellos
695,2019/05/07,pm424,,Aipom
696,2018/10/23,pm425,,Drifloon
697,2018/10/23,pm426,,Drifloon
698,2021/10/15,pm426.cHALLOWEEN_2021_NOEVOLVE,,Drifloon_21Ha
699,2019/04/16,pm427,,Buneary
700,2019/04/16,pm428,,Buneary
701,2022/04/12,pm428.cAPRIL_2020_NOEVOLVE,,Buneary
702,2021/04/04,pm428.fMEGA,,Buneary
703,2019/04/16,pm427.cAPRIL_2020_NOEVOLVE,,Buneary
704,2018/12/01,pm429,,Misdreavus
705,2018/11/14,pm430,,Murkrow
706,2020/05/22,pm431,,Glameow
707,2020/05/22,pm432,,Glameow
708,,pm433,,Chimecho
709,,pm434,,Stunky
710,,pm435,,Stunky
711,2019/05/21,pm436,,Bronzor
712,2019/05/21,pm437,,Bronzor
713,2019/08/05,pm438,,Sudowoodo
714,2019/09/26,pm439,,Mr_Mime
715,2020/02/13,pm440,,Chansey
716,2021/04/04,pm440.cNOVEMBER_2018,,Chansey_07
717,,pm441,,Chatot
718,2020/10/24,pm442,,Spiritomb
719,2019/12/17,pm443,,Gible
720,2019/12/17,pm444,,Gible
721,2019/12/17,pm445,,Gible
722,2022/11/09,pm446,,Snorlax
723,2020/02/06,pm447,,Riolu
724,2020/02/06,pm448,,Riolu
725,2020/02/07,pm449,,Hippowdon
726,2020/02/07,pm450,,Hippowdon
727,2020/02/07,pm449.g2,,Hippowdon_01
728,2020/02/07,pm450.g2,,Hippowdon_01
729,2020/03/05,pm451,,Skorupi
730,2020/03/05,pm452,,Skorupi
731,2020/03/31,pm453,,Croagunk
732,2020/03/31,pm454,,Croagunk
733,2020/03/31,pm453.cFALL_2020_NOEVOLVE,,Croagunk_16
734,2022/09/27,pm454.cFALL_2020_NOEVOLVE,,Croagunk_16
735,,pm455,,Carnivine
736,2022/01/21,pm456,,Finneon
737,2022/01/21,pm457,,Finneon
738,2023/05/02,pm458,,Mantine
739,2019/12/24,pm459,,Snover
740,2019/12/24,pm460,,Snover
741,2019/12/24,pm460.fMEGA,,Snover
742,2019/07/25,pm461,,Sneasel
743,2018/11/16,pm462,,Magnemite
744,2020/02/15,pm463,,Lickitung
745,2020/02/22,pm464,,Rhyhorn
746,2020/07/24,pm465,,Tangela
747,2018/11/15,pm466,,Electabuzz
748,2023/05/02,pm466.cSPRING_2023_INSTINCT,,Electabuzz_23s
749,2018/03/22,pm467,,Magmar
750,2018/03/22,pm468,,Togepi
751,2022/04/12,pm468.cAPRIL_2020_NOEVOLVE,,Togepi
752,2019/09/20,pm469,,Yanma
753,2018/08/11,pm470,,Eevee
754,2019/05/17,pm470.cNOVEMBER_2018,,Eevee_07
755,2022/12/31,pm470.cHOLIDAY_2022,,Eevee_2022h
756,2023/04/04,pm470.cSPRING_2023,,Eevee_23s
757,2018/08/11,pm471,,Eevee
758,2019/05/17,pm471.cNOVEMBER_2018,,Eevee_07
759,2021/12/16,pm471.cHOLIDAY_2021_NOEVOLVE,,Eevee_11
760,2022/12/31,pm471.cHOLIDAY_2022,,Eevee_2022h
761,2023/04/04,pm471.cSPRING_2023,,Eevee_23s
762,2019/09/02,pm472,,Gligar
763,2019/02/16,pm473,,Swinub
764,2020/09/19,pm474,,Porygon
765,2019/08/03,pm475,,Ralts
766,2021/03/09,pm476,,Nosepass
767,2017/10/26,pm477,,Duskull
768,2022/11/01,pm477.cFALL_2022_NOEVOLVE,,Duskull_f22
769,2019/01/31,pm478,,Snorunt
770,,pm479,,Rotom
771,2021/09/14,pm480,,Uxie
772,2021/09/14,pm481,,Mesprit
773,2021/09/14,pm482,,Azelf
774,2021/07/23,pm483,,Dialga
775,2021/08/06,pm484,,Palkia
776,2020/01/07,pm485,,Heatran
777,2021/06/17,pm486,,Regigigas
778,2020/10/09,pm487.fORIGIN,,Giratina
779,2019/09/23,pm487.fALTERED,,Giratina
780,2019/05/27,pm488,,Cresselia
781,,pm489,,Phione
782,,pm490,,Manaphy
783,2020/03/06,pm491,,Darkrai
784,,pm492,,Shaymin
785,,pm493,,Arceus
786,,pm494,,Victini
787,2021/01/04,pm495,,Snivy
788,2021/01/04,pm496,,Snivy
789,2021/01/04,pm497,,Snivy
790,2021/07/03,pm498,,Tepig
791,2021/07/03,pm499,,Tepig
792,2021/07/03,pm500,,Tepig
793,2021/09/19,pm501,,Oshawott
794,2021/09/19,pm502,,Oshawott
795,2021/09/19,pm503,,Oshawott
796,2019/09/16,pm504,,Patrat
797,2019/09/16,pm505,,Patrat
798,2019/09/16,pm506,,Lillipup
799,2019/09/16,pm507,,Lillipup
800,2019/09/16,pm508,,Lillipup
801,2022/11/24,pm509,,Purrloin
802,2022/11/24,pm510,,Purrloin
803,2022/08/05,pm511,,Pansage
804,2022/08/05,pm512,,Pansage
805,2022/07/01,pm513,,Pansear
806,2022/07/01,pm514,,Pansear
807,2022/07/22,pm515,,Panpour
808,2022/07/22,pm516,,Panpour
809,2022/08/27,pm517,,Munna
810,2022/08/27,pm518,,Munna
811,2020/07/02,pm519,,Pidove
812,2020/07/02,pm520,,Pidove
813,2020/07/02,pm521,,Pidove
814,2020/07/02,pm521.g2,,Pidove
815,2021/09/28,pm522,,Blitzle
816,2021/09/28,pm523,,Blitzle
817,2021/09/21,pm522.cFASHION_2021_NOEVOLVE,,Blitzle_2021_FASHION
818,2020/08/14,pm524,,Roggenrola
819,2020/08/14,pm525,,Roggenrola
820,2020/08/14,pm526,,Roggenrola
821,2020/07/24,pm527,,Woobat
822,2020/07/24,pm528,,Woobat
823,2023/04/20,pm529,,Drilbur
824,2023/04/20,pm530,,Drilbur
825,2021/07/17,pm531,,Audino
826,2020/03/13,pm532,,Timburr
827,2020/03/13,pm533,,Timburr
828,2020/03/13,pm534,,Timburr
829,2021/07/17,pm535,,Tympole
830,2021/07/17,pm536,,Tympole
831,2021/07/17,pm537,,Tympole
832,2021/07/17,pm538,,Throh
833,2021/07/17,pm539,,Sawk
834,,pm540,,Sewaddle
835,,pm541,,Sewaddle
836,,pm542,,Sewaddle
837,2022/08/10,pm543,,Venipede
838,2022/08/10,pm544,,Venipede
839,2022/08/10,pm545,,Venipede
840,2022/03/22,pm546,,Cottonee
841,2022/03/22,pm547,,Cottonee
842,2023/08/04,pm548,,Petilil
843,2023/08/04,pm549,,Petilil
844,,pm550,,Basculin
845,,pm551,,Sandile
846,,pm552,,Sandile
847,,pm553,,Sandile
848,2021/07/06,pm554,,Darumaka
849,2021/07/06,pm555.fSTANDARD,,Darumaka
850,2021/12/23,pm554.fGALARIAN,,Darumaka_31
851,2021/12/23,pm555.fGALARIAN_STANDARD,,Darumaka_31
852,,pm556,,Maractus
853,2020/06/25,pm557,,Dwebble
854,2020/06/25,pm558,,Dwebble
855,,pm559,,Scraggy
856,,pm560,,Scraggy
857,,pm561,,Sigilyph
858,2019/10/17,pm562,,Yamask
859,2022/10/20,pm562.fGALARIAN,,Yamask_31
860,2019/10/17,pm563,,Yamask
861,2022/06/07,pm564,,Tirtouga
862,2022/06/07,pm565,,Tirtouga
863,2022/06/07,pm566,,Archen
864,2022/06/07,pm567,,Archen
865,2021/04/20,pm568,,Trubbish
866,2021/04/20,pm569,,Trubbish
867,,pm570,,Zorua
868,,pm571,,Zorua
869,2020/02/02,pm572,,Minccino
870,2020/02/02,pm573,,Minccino
871,,pm574,,Gothita
872,,pm575,,Gothita
873,,pm576,,Gothita
874,,pm577,,Solosis
875,,pm578,,Solosis
876,,pm579,,Solosis
877,,pm580,,Ducklett
878,,pm581,,Ducklett
879,,pm582,,Vanillite
880,,pm583,,Vanillite
881,,pm584,,Vanillite
882,,pm585,,Deerling
883,,pm586,,Deerling
884,,pm587,,Emolga
885,2022/06/04,pm588,,Karrablast
886,2022/06/04,pm589,,Karrablast
887,2022/07/01,pm590,,Foongus
888,2022/07/01,pm591,,Foongus
889,2023/02/08,pm592,,Frillish
890,2023/02/08,pm593,,Frillish
891,2023/02/08,pm592.fFEMALE,,Frillish
892,2023/02/08,pm593.fFEMALE,,Frillish
893,2021/02/14,pm594,,Alomomola
894,2023/08/27,pm595,,Joltik
895,2023/08/27,pm596,,Joltik
896,2020/11/07,pm597,,Ferroseed
897,2020/11/07,pm598,,Ferroseed
898,2019/09/16,pm599,,Klink
899,2019/09/16,pm600,,Klink
900,2019/09/16,pm601,,Klink
901,,pm602,,Tynamo
902,,pm603,,Tynamo
903,,pm604,,Tynamo
904,2022/09/06,pm605,,Elgyem
905,2022/09/06,pm606,,Elgyem
906,2022/10/15,pm607,,Litwick
907,2022/10/15,pm608,,Litwick
908,2022/10/15,pm609,,Litwick
909,2022/06/04,pm610,,Axew
910,2022/06/04,pm611,,Axew
911,2022/06/04,pm612,,Axew
912,2020/12/18,pm613,,Cubchoo
913,2020/12/18,pm614,,Cubchoo
914,2020/12/18,pm613.fWINTER_2020,,Cubchoo_winter
915,2022/12/23,pm614.fWINTER_2020,,Cubchoo_winter
916,,pm615,,Cryogonal
917,2022/06/04,pm616,,Shelmet
918,2022/06/04,pm617,,Shelmet
919,2023/04/23,pm618,,Stunfisk
920,2021/08/20,pm618.fGALARIAN,,Stunfisk_31
921,,pm619,,Mienfoo
922,,pm620,,Mienfoo
923,2021/12/07,pm621,,Druddigon
924,2023/08/18,pm622,,Golett
925,2023/08/18,pm623,,Golett
926,2022/11/14,pm624,,Pawniard
927,2022/11/14,pm625,,Pawniard
928,,pm626,,Bouffalant
929,2020/12/13,pm627,,Rufflet
930,2020/12/13,pm628,,Rufflet
931,2022/07/31,pm628.fHISUIAN,,Rufflet
932,2021/11/09,pm629,,Vullaby
933,2021/11/09,pm630,,Vullaby
934,2020/07/25,pm631,,Heatmor
935,2020/07/25,pm632,,Durant
936,2020/08/01,pm633,,Deino
937,2020/08/01,pm634,,Deino
938,2020/08/01,pm635,,Deino
939,,pm636,,Larvesta
940,,pm637,,Larvesta
941,2020/05/18,pm638,,Cobalion
942,2020/05/19,pm639,,Terrakion
943,2020/05/13,pm640,,Virizion
944,2021/03/06,pm641.fINCARNATE,,Tornadus
945,2022/03/14,pm641.fTHERIAN,,Tornadus
946,2021/03/11,pm642.fINCARNATE,,Thundurus
947,2022/04/05,pm642.fTHERIAN,,Thundurus
948,2021/12/01,pm643,,Reshiram
949,2021/12/01,pm644,,Zekrom
950,2021/03/01,pm645.fINCARNATE,,Landorus
951,2022/04/26,pm645.fTHERIAN,,Landorus
952,2021/12/16,pm646.fNORMAL,,Kyurem
953,,pm647,,Keldeo
954,,pm648,,Meloetta
955,2020/08/15,pm649.fNORMAL,,Genesect
956,2023/05/02,pm649.fSHOCK,,Genesect
957,2023/01/07,pm650,,Chespin
958,2023/01/07,pm651,,Chespin
959,2023/01/07,pm652,,Chespin
960,2023/05/21,pm653,,Fennekin
961,2023/05/21,pm654,,Fennekin
962,2023/05/21,pm655,,Fennekin
963,,pm656,,Froakie
964,,pm657,,Froakie
965,,pm658,,Froakie
966,2021/04/04,pm659,,Bunnelby
967,2021/04/04,pm660,,Bunnelby
968,2021/03/06,pm661,,Fletchling
969,2021/03/06,pm662,,Fletchling
970,2021/03/06,pm663,,Fletchling
971,,pm664,,Scatterbug
972,,pm665,,Scatterbug
973,,pm666,,Scatterbug
974,2022/02/01,pm667,,Litleo
975,2022/02/01,pm668,,Litleo
976,2022/02/01,pm668.fFEMALE,,Litleo
977,,pm669,,Flabebe
978,,pm670,,Flabebe
979,,pm671,,Flabebe
980,,pm672,,Skiddo
981,,pm673,,Skiddo
982,2023/06/16,pm674,,Pancham
983,2023/06/16,pm675,,Pancham
984,2022/09/27,pm676.fNATURAL,,Furfrou
985,2022/09/27,pm676.fDEBUTANTE,,Furfrou
986,2022/09/27,pm676.fSTAR,,Furfrou
987,2022/09/27,pm676.fDANDY,,Furfrou
988,2023/02/08,pm676.fHEART,,Furfrou
989,2022/09/27,pm676.fKABUKI,,Furfrou
990,2022/09/27,pm676.fMATRON,,Furfrou
991,2022/09/27,pm676.fDIAMOND,,Furfrou
992,2022/09/27,pm676.fPHARAOH,,Furfrou
993,2022/09/27,pm676.fLA_REINE,,Furfrou
994,2022/02/01,pm677,,Espurr
995,2022/02/01,pm678,,Espurr
996,2022/02/01,pm678.fFEMALE,,Espurr
997,,pm679,,Honedge
998,,pm680,,Honedge
999,,pm681,,Honedge
1000,2022/09/24,pm682,,Spritzee
1001,2022/09/24,pm683,,Spritzee
1002,2022/08/05,pm684,,Swirlix
1003,2022/08/05,pm685,,Swirlix
1004,2022/09/03,pm686,,Inkay
1005,2022/09/03,pm687,,Inkay
1006,2022/05/13,pm688,,Binacle
1007,2022/05/13,pm689,,Binacle
1008,2023/08/18,pm690,,Skrelp
1009,2023/08/18,pm691,,Skrelp
1010,2023/06/06,pm692,,Clauncher
1011,2023/06/06,pm693,,Clauncher
1012,2023/01/27,pm694,,Helioptile
1013,2023/01/27,pm695,,Helioptile
1014,2023/07/27,pm696,,Tyrunt
1015,2023/07/27,pm697,,Tyrunt
1016,2023/07/27,pm698,,Amaura
1017,2023/07/27,pm699,,Amaura
1018,2021/05/25,pm700,,Eevee
1019,2021/05/25,pm700.cNOVEMBER_2018,,Eevee_07
1020,2022/12/31,pm700.cHOLIDAY_2022,,Eevee_2022h
1021,2023/04/04,pm700.cSPRING_2023,,Eevee_23s
1022,,pm701,,Hawlucha
1023,2023/01/10,pm702,,Dedenne
1024,,pm703,,Carbink
1025,2023/08/27,pm704,,Goomy
1026,2023/08/27,pm705,,Goomy
1027,2023/08/27,pm706,,Goomy
1028,,pm707,,Klefki
1029,,pm708,,Phantump
1030,,pm709,,Phantump
1031,,pm710,,Pumpkaboo
1032,,pm711,,Pumpkaboo
1033,2022/10/27,pm710.fSMALL.cFALL_2022,,Pumpkaboo_2022
1034,2022/10/27,pm710.fAVERAGE.cFALL_2022,,Pumpkaboo_2022
1035,2022/10/27,pm710.fLARGE.cFALL_2022,,Pumpkaboo_2022
1036,2022/10/27,pm710.fSUPER.cFALL_2022,,Pumpkaboo_2022
1037,2022/10/27,pm711.fSMALL.cFALL_2022,,Pumpkaboo_2022
1038,2022/10/27,pm711.fAVERAGE.cFALL_2022,,Pumpkaboo_2022
1039,2022/10/27,pm711.fLARGE.cFALL_2022,,Pumpkaboo_2022
1040,2022/10/27,pm711.fSUPER.cFALL_2022,,Pumpkaboo_2022
1041,2022/12/23,pm712,,Bergmite
1042,2022/12/23,pm713,,Bergmite
1043,2022/12/23,pm713.fHISUIAN,,Bergmite
1044,2022/10/20,pm714,,Noibat
1045,2022/10/20,pm715,,Noibat
1046,2022/10/08,pm716,,Xerneas
1047,2022/09/27,pm717,,Yveltal
1048,,pm718,,Zygarde
1049,2022/03/01,pm734,,Yungoos
1050,2022/03/01,pm735,,Yungoos
1051,2022/03/01,pm744,,Rockruff
1052,2022/03/01,pm745.fMIDDAY,,Rockruff
1053,2021/03/01,pm745.fMIDNIGHT,,Rockruff
1054,2022/08/04,pm751,,Dewpider
1055,2022/08/04,pm752,,Dewpider
1056,2023/06/16,pm753,,Fomantis
1057,2023/06/16,pm754,,Fomantis
1058,2022/04/23,pm759,,Stufful
1059,2022/04/23,pm760,,Stufful
1060,,pm761,,bounsweet
1061,,pm762,,bounsweet
1062,,pm763,,bounsweet
1063,,pm764,,comfey
1064,2023/08/27,pm765,,oranguru
1065,,pm766,,passimian
1066,,pm767,,wimpod
1067,,pm768,,wimpod
1068,,pm769,,sandygast
1069,,pm770,,sandygast
1070,,pm771,,pyukumuku
1071,,pm772,,type_null
1072,,pm773,,type_null
1073,,pm774,,minior
1074,,pm775,,komala
1075,2023/06/29,pm776,,turtonator
1076,,pm777,,togedemaru
1077,,pm778,,mimikyu
1079,,pm779,,bruxish
1080,,pm780,,drampa
1081,,pm781,,dhelmise
1082,,pm782,,jangmo_o
1083,,pm783,,jangmo_o
1084,,pm784,,jangmo_o
1085,2023/01/26,pm785,,tapu_koko
1086,2023/02/08,pm786,,tapu_lele
1087,2023/04/17,pm787,,tapu_bulu
1088,2023/05/11,pm788,,tapu_fini
1089,,pm789,,cosmog
1090,,pm790,,cosmog
1091,,pm791,,cosmog
1092,,pm792,,cosmog
1093,2023/06/16,pm793,,nihilego
1094,,pm794,,buzzwole
1095,,pm795,,pheromosa
1096,,pm796,,xurkitree
1097,,pm797,,celesteela
1098,,pm798,,kartana
1099,,pm799,,guzzlord
1100,,pm800,,necrozma
1101,,pm801,,magearna
1104,,pm802,,marshadow
1105,,pm803,,poipole
1106,,pm804,,poipole
1107,,pm805,,stakataka
1108,,pm806,,blacephalon
1109,,pm807,,zeraora
1110,2019/02/05,pm808,,Meltan
1111,2019/02/05,pm809,,Meltan
1112,,pm810,,grookey
1113,,pm811,,grookey
1114,,pm812,,grookey
1115,,pm813,,scorbunny
1116,,pm814,,scorbunny
1117,,pm815,,scorbunny
1118,,pm816,,sobble
1119,,pm817,,sobble
1120,,pm818,,sobble
1121,,pm819,,skwovet
1122,,pm820,,skwovet
1123,,pm821,,rookidee
1124,,pm822,,rookidee
1125,,pm823,,rookidee
1126,,pm824,,blipbug
1127,,pm825,,blipbug
1128,,pm826,,blipbug
1129,,pm827,,nickit
1130,,pm828,,nickit
1131,,pm829,,gossifleur
1132,,pm830,,gossifleur
1133,,pm831,,wooloo
1134,,pm832,,wooloo
1135,,pm833,,chewtle
1136,,pm834,,chewtle
1137,,pm835,,yamper
1138,,pm836,,yamper
1139,,pm837,,rolycoly
1140,,pm838,,rolycoly
1141,,pm839,,rolycoly
1142,,pm840,,applin
1143,,pm841,,applin
1144,,pm842,,applin
1145,,pm843,,silicobra
1146,,pm844,,silicobra
1147,,pm845,,cramorant
1148,,pm846,,arrokuda
1149,,pm847,,arrokuda
1150,,pm848,,toxel
1151,,pm849,,toxel
1154,,pm850,,sizzlipede
1155,,pm851,,sizzlipede
1156,,pm852,,clobbopus
1157,,pm853,,clobbopus
1158,,pm854,,sinistea
1164,,pm856,,hatenna
1165,,pm857,,hatenna
1166,,pm858,,hatenna
1167,,pm859,,impidimp
1168,,pm860,,impidimp
1169,,pm861,,impidimp
1170,2020/05/25,pm862,,Zigzagoon_31
1172,,pm864,,corsola
1174,2022/12/01,pm866,,Mr_Mime_31
1175,2022/10/20,pm867,,Yamask_31
1176,,pm868,,Milcery
1177,,pm869,,Milcery
1178,,pm870,,Falinks
1179,,pm871,,Pincurchin
1180,,pm872,,Snom
1181,,pm873,,Snom
1182,,pm874,,Stonjourner
1183,,pm875,,Eiscue
1184,,pm876,,Indeedee
1185,,pm877,,Morpeko
1186,,pm878,,Cufant
1187,,pm879,,Cufant
1188,,pm880,,Dracozolt
1189,,pm881,,Arctozolt
1190,,pm882,,Dracovish
1191,,pm883,,Arctovish
1192,,pm884,,Duraludon
1193,,pm885,,Dreepy
1194,,pm886,,Dreepy
1195,,pm887,,Dreepy
1196,,pm888,,Zacian
1197,,pm889,,Zamazenta
1198,,pm890,,Eternatus
1199,,pm891,,Kubfu
1200,,pm892,,Kubfu
1201,,pm893,,Zarude
1202,,pm894,,Regieleki
1203,,pm895,,Regidrago
1204,,pm896,,Glastrier
1205,,pm897,,Spectrier
1206,,pm898,,Calyrex
1208,,pm899,,Stantler
1209,2023/05/06,pm900,,Kleavor
1211,,pm902,,Basculin
1212,,pm903,,Sneasel
1213,,pm904,,Qwilfish
1214,2023/08/23,pm25.fWCS_2023,,Pikachu_23fWCS
1215,2024/08/16,pm25.fWCS_2024,,Pikachu_24fWCS
1216,2024/03/02,pm25.fTSHIRT_03,,Pikachu_t03
1217,2024/02/17,pm25.fGOTOUR_2024_A,,Pikachu_gotour_24
1218,2024/02/17,pm25.fGOTOUR_2024_A_02,,Pikachu_gotour_24
1219,2024/02/17,pm25.fGOTOUR_2024_B,,Pikachu_gotour_24
1220,2024/02/17,pm25.fGOTOUR_2024_B_02,,Pikachu_gotour_24
1221,2023/07/28,pm25.fFLYING_03,,Pikachu_23fly
1222,2024/03/02,pm25.fFLYING_04,,Pikachu_24fly
1223,2023/10/26,pm25.cFALL_2023_NOEVOLVE,,Pikachu_23H
1224,2023/12/18,pm25.cHOLIDAY_2023,,Pikachu_23c
1225,2023/12/18,pm26.cHOLIDAY_2023,,Pikachu_23c
1226,2023/10/05,pm25.cPI,,Pikachu_23d
1227,2023/10/05,pm26.cFEB_2019,,Pikachu_23d
1228,2024/03/05,pm25.fHORIZONS,,Pikachu_fH
1229,2024/05/30,pm25.fGOFEST_2024_MTIARA,,Pikachu_GF24
1230,2024/05/30,pm25.fGOFEST_2024_STIARA,,Pikachu_GF24
1231,2024/01/01,pm39.cJAN_2024,,Jigglypuff_C24
1232,2024/01/01,pm40.cJAN_2024,,Jigglypuff_C24
1233,2023/12/18,pm54.cHOLIDAY_2023,,Psyduck_H23
1234,2023/12/18,pm55.cHOLIDAY_2023,,Psyduck_H23
1235,2023/09/27,pm58.fHISUIAN,,Growlithe_Hisuian
1236,2023/09/27,pm59.fHISUIAN,,Growlithe_Hisuian
1237,2023/10/05,pm79.cPI_NOEVOLVE,,Slowpoke_23
1238,2024/06/24,pm88.cANNIVERSARY_2024,,Grimer_c24
1239,2024/06/24,pm89.cANNIVERSARY_2024,,Grimer_c24
1240,2023/10/26,pm94.cFALL_2023_NOEVOLVE,,Gastly_2023
1241,2024/02/17,pm100.fHISUIAN,,Voltorb_H
1242,2024/02/17,pm101.fHISUIAN,,Voltorb_H
1243,2023/11/01,pm104.cFALL_2023,,Cubone_f23
1244,2023/11/01,pm105.cFALL_2023,,Cubone_f23
1245,2023/10/07,pm133.cMAY_2023,,Eevee_23m
1246,2024/05/30,pm133.fGOFEST_2024_MTIARA,,Eevee_GF24
1247,2024/05/30,pm133.fGOFEST_2024_STIARA,,Eevee_GF24
1248,2023/10/07,pm134.cMAY_2023,,Eevee_23m
1249,2023/10/07,pm135.cMAY_2023,,Eevee_23m
1250,2023/10/07,pm136.cMAY_2023,,Eevee_23m
1251,2023/08/04,pm142.fSUMMER_2023,,Aerodactyl_S
1252,2024/10/04,pm144.fGALARIAN,,Articuno
1253,2024/10/04,pm145.fGALARIAN,,Zapdos
1254,2024/10/04,pm146.fGALARIAN,,Moltres
1255,2023/11/15,pm149.cFALL_2023,,Dratini_BT
1256,2024/01/14,pm157.fHISUIAN,,Cyndaquil
1257,2023/11/05,pm194.fPALDEA,,Wooper_P
1258,2023/11/15,pm194.cFALL_2023,,Wooper_F
1259,2023/11/15,pm195.cFALL_2023,,Wooper_F
1260,2023/10/07,pm196.cMAY_2023,,Eevee_23m
1261,2023/10/07,pm197.cMAY_2023,,Eevee_23m
1262,2024/02/17,pm211.fHISUIAN,,Qwilfish_H
1263,2024/04/13,pm214.fMEGA,,Heracross
1264,2023/12/05,pm215.fHISUIAN,,Sneasel_Hisuian
1265,2024/06/07,pm287.cSUMMER_2024,,Slakoth_v
1266,2024/06/07,pm288.cSUMMER_2024,,Slakoth_v
1267,2024/06/07,pm289.cSUMMER_2024,,Slakoth_v
1268,2023/11/11,pm445.fMEGA,,Gible
1269,2024/07/27,pm448.fMEGA,,Riolu
1270,2023/10/07,pm470.cMAY_2023,,Eevee_23m
1271,2023/10/07,pm471.cMAY_2023,,Eevee_23m
1272,2024/02/17,pm483.fORIGIN,,Dialga
1273,2024/02/17,pm484.fORIGIN,,Palkia
1274,2024/02/24,pm492.fSKY,,Shaymin
1275,2024/02/24,pm492.fLAND,,Shaymin
1276,2023/12/03,pm503.fHISUIAN,,Oshawott
1277,2024/03/21,pm546.cSPRING_2024,,Cottonee_s24
1278,2022/03/22,pm547.cSPRING_2024,,Cottonee_s24
1279,2024/02/24,pm550.fWHITE_STRIPED,,Basculin
1280,2023/09/16,pm649.fBURN,,Genesect
1281,,pm649.fCHILL,,Genesect
1282,2023/11/03,pm649.fDOUSE,,Genesect
1283,2024/03/21,pm669.fWHITE,,Flabebe
1284,2024/03/21,pm669.fORANGE,,Flabebe
1285,2024/03/21,pm669.fYELLOW,,Flabebe
1286,2024/03/21,pm669.fRED,,Flabebe
1287,2024/03/21,pm669.fBLUE,,Flabebe
1288,2024/03/21,pm670.fWHITE,,Flabebe
1289,2024/03/21,pm670.fORANGE,,Flabebe
1290,2024/03/21,pm670.fYELLOW,,Flabebe
1291,2024/03/21,pm670.fRED,,Flabebe
1292,2024/03/21,pm670.fBLUE,,Flabebe
1293,2024/03/21,pm671.fWHITE,,Flabebe
1294,2024/03/21,pm671.fORANGE,,Flabebe
1295,2024/03/21,pm671.fYELLOW,,Flabebe
1296,2024/03/21,pm671.fRED,,Flabebe
1297,2024/03/21,pm671.fBLUE,,Flabebe
1298,2023/10/07,pm700.cMAY_2023,,Eevee_23m
1299,2024/06/14,pm196.fGOFEST_2024_SSCARF,,Eevee_other
1300,2024/06/14,pm197.fGOFEST_2024_MSCARF,,Eevee_other
1301,2023/08/04,pm710.fSMALL,,Pumpkaboo
1302,2023/08/04,pm710.fAVERAGE,,Pumpkaboo
1303,2023/08/04,pm710.fLARGE,,Pumpkaboo
1304,2023/08/04,pm710.fSUPER,,Pumpkaboo
1305,2023/08/04,pm711.fSMALL,,Pumpkaboo
1306,2023/08/04,pm711.fAVERAGE,,Pumpkaboo
1307,2023/08/04,pm711.fLARGE,,Pumpkaboo
1308,2023/08/04,pm711.fSUPER,,Pumpkaboo
1309,2024/01/06,pm722,,Rowlet
1310,2024/01/06,pm723,,Rowlet
1311,2024/01/06,pm724,,Rowlet
1312,2024/02/11,pm724.fHISUIAN,,Rowlet
1313,2024/03/16,pm725,,Litten
1314,2024/03/16,pm726,,Litten
1315,2024/03/16,pm727,,Litten
1316,2024/08/31,pm728,,Popplio
1317,2024/08/31,pm729,,Popplio
1318,2024/08/31,pm730,,Popplio
1319,2023/09/23,pm736,,Grubbin
1320,2023/09/23,pm737,,Grubbin
1321,2023/09/23,pm738,,Grubbin
1322,2024/06/14,pm739,,Crabrawler
1323,2024/06/14,pm740,,Crabrawler
1324,2024/02/13,pm741.fBAILE,,Oricorio
1325,2024/02/13,pm741.fPAU,,Oricorio
1326,2024/02/13,pm741.fPOMPOM,,Oricorio
1327,2024/02/13,pm741.fSENSU,,Oricorio
1328,2024/01/13,pm742,,Cutiefly
1329,2024/01/13,pm743,,Cutiefly
1330,2023/01/06,pm745.fDUSK,,Rockruff
1331,2024/05/23,pm747,,Mareanie
1332,2024/05/23,pm748,,Mareanie
1333,2023/11/07,pm755,,Morelull
1334,2023/11/07,pm756,,Morelull
1335,2024/05/30,pm800.fDAWN_WINGS,,necrozma
1336,2024/05/30,pm800.fDUSK_MANE,,necrozma
1337,2024/09/26,pm888.fHERO,,Zacian
1338,2024/09/26,pm889.fHERO,,Zamazenta
1339,2023/09/05,pm915,,Lechonk
1340,2023/09/05,pm916,,Lechonk
1341,2023/09/05,pm916.fFEMALE,,Lechonk
1342,2023/09/10,pm962,,Bombirdier
1343,2024/01/19,pm979,,Mankey
1344,2023/11/05,pm980,,Wooper_P